tweet,keyword,original_stance,bert_prediction
"India-Africa Defence Dialogue to be held on October 18 on the sidelines of #DefExpo2022 in Gandhinagar, Gujarat,

Theme: ‚ÄòIndia-Africa: Adopting Strategy for Synergising and Strengthening Defence and Security Cooperation.

Read: https://t.co/lohfjWx4eM

@DefenceMinIndia",caa,Neutral,Neutral
"On 25th Jan, Khalistani &amp; Pakistani groups had organised Anti CAA protest in Frankfurt

I along with other nationalist Indians, punctured their protest, 2 hours in freezing cold, we hit them on counter

A small clip where they shouted Terrorist, we responded with Pakistan
Enjoyüëçüèº https://t.co/kB4uozkcml",caa,For,Against
"BJP Manifesto Checklist in #1YearofModi2

‚úÖ- GST
‚úÖ- CAA
‚úÖ- OROP
‚úÖ- Stable Govt
‚úÖ- Triple Talaq
‚úÖ- Ram Mandir
‚úÖ- Low inflation
‚úÖ- Low corruption
‚úÖ- Surgical Strikes
‚úÖ- Isolation of Pakistan
‚úÖ- Curbing Black money
‚úÖ- Removal of Article 370
‚úÖ- De-registered 14,800 NGOs",caa,For,Against
"Pakistan Prime Minister Imran Khan heaps praises on China once again, speaks to the Chinese state media, alleges massive US pressure on Pakistan to sideline China, pledges deeper friendship and more collaboration with China whether America and other countries like it or not.",caa,Neutral,Against
"If anyone still has any doubts that this protest is Farmers Protest &amp; not Pro Khalistan Protest they they are just living in their own fool's paradise.

Time to identify them before it's too late like Anti CAA protests. https://t.co/ONW2gwZ40v",caa,For,Against
"On ongoing protests against #CAA, Congress Prez Mrs Sonia Gandhi : They have taken to streets braving cold/police brutalities. I Salute their courage,their abiding faith Constitution of India;their determination to defend &amp; protect those values. We are Inspired by Their Struggle! https://t.co/p449KdYKoF",caa,Against,For
"Victory of Rahul Gandhi üí™
Victory of farmers üí™

What next 
CAA 
NRC
RAFALE

#RahulGandhi
#FarmersProtest https://t.co/uBJlIr7mwn",caa,Against,Neutral
"Hats off to #Jharkhand CM @HemantSorenJMM .

What a mouth-shutting answer to those who say ‚ÄúModi Govt will not budge an inch in implementing #NRC and #NPR‚Äù!

Do listen.
India rejects #CAA_NRC_NPR https://t.co/BkERMIbB8S",caa,Against,Neutral
"Umar Khalid is arrested who talked about responding to hate with love.

BJP leaders Kapil Mishra and Anurag Thakur don't even have an FIR against them who openly talked about responding to anti-CAA protests with Goli.

This is the real death of democracy.

#StandWithUmarKhalid",caa,Against,Against
"US: PM Modi thanks President Biden for accepting proposal to add Africa as a permanent G20 member 

Read @ANI Story | https://t.co/9z4gC2a6Az
#PMModi #PMModiUSVisit #PMModiUSCongress https://t.co/cqaXjh71iz",caa,Neutral,Neutral
"IMPORTANT QUESTIONS BY AAP

While in principle supporting UCC, 

AAP raises valid and very Important QUESTIONS about Sikhs, North East and other religions

While BJP wanted Hindu vs Muslim debates, AAP has turned it upside down with Logic.

BJP seems clueless about answers https://t.co/YdfbGCVjpO",caa,Neutral,For
Social activist #HarshMander‚Äôs plea seeks the arrest and registration of an FIR against #BJP leader #KapilMishra for allegedly encouraging violence against anti-#CAA protestors in February last year https://t.co/s0UiFHLErC,caa,Neutral,Neutral
"When Hindus go on pilgrimage, they bow in devotion &amp; ask
SARVE JANA SUKHINO BHAVANTU

But these Muslims go on Hajj pilgrimage in Mecca

And pray that RSS &amp; BJP should be eliminated

If we Hindus still don't get awakened,

Soon we will face similar fate just like Kashmiri Pandits https://t.co/dvUT4arAZC",caa,For,For
"Slowly Entire India is getting aware that Farmer's Protest is actually FAILED POLITICIAN'S protest against Modi!

Ram Mandir
Article 370 abrogated
CAA
Demonetization
GST
Bodo Accord
Chandrayan
Best Covid Handling
Naxals in Jail
UP under Yogi
.
STOP Modi else they all will finish https://t.co/jYbNIRlYIJ",caa,For,Against
"Muslims are in jail for delivering speeches during Anti-CAA protests.

These Hindutva leaders are delivering hate speeches across the country and police can't even file an FIR against them. https://t.co/NGeRxtq6Pt",caa,Against,Against
"Today, Lawyers march to protest against CAA-NRC

Will the highly educated BJP politicians now also call lawyers as uneducated? 

https://t.co/lw5A2hpBjl",caa,Against,Neutral
"Modi's police issues ultimatum to vacate the protesting site against #CAA_NRC at Shaheen Bagh, Delhi. #JNUViolence has been created to divert the attention from #CAA_NRCProtests  &amp; polarize the country further to brand the #CAA_NRC protesters anti-nationals.",caa,Against,Neutral
"The #AntiCAA protesters in Bilariyaganj area of #Azamgarh district in east UP have alleged that the #UPPolice lathi-charged on them in the wee hours of Wednesday, leaving at least 10 of them injured. #UttarPradesh https://t.co/e0mrox6SHT",caa,Against,Neutral
"Destruction of Hindu temple in Pakistan by neighbours shows that CAA should be modified &amp; cut-off date removed. Any Hindu, Sikh, Jain, Buddhist or follower of indigenous tribal faith should be able to claim Indian citizenship at anytime. Amend the constitution for it if required.",caa,For,Neutral
Is Rahul Gandhi partying with China's Ambassador to Nepal Hou Yanqi in Kathmandu ???? https://t.co/iuYf4eb6Y2,china,Against,Neutral
"A rattled #China sends an angry letter to Indian MP @SujeetKOfficial, after he participated in the founding ceremony of a Taiwan forum. Beijing says the BJD leader's attendance is contrary to the one-China principle. @alysonle speaks with @sidhant for more perspective https://t.co/DBa9RHVEnl",china,Neutral,Against
"Anonymous blogger ‚ÄòProgram Think‚Äô, known for exposing the corruption of CCP members, goes missing in China: Here is what we know so far

https://t.co/nGY2GspqEk",china,Against,Against
"Kanwal Sibal: ""China's role in unleashing 2 pandemics in a generation needs highlighting. Pressure must be put on China for making its political system more transparent and ending some unhealthy habits of its society, given the country's massive role in the international system""",china,Against,Against
"‚ÄúAny Minister's visit to #Arunachal Pradesh violates China's territorial sovereignty &amp; China firmly opposes it as it's China's territory‚Äù: Said ‡§°‡•á‡§¢‡§º ‡§´‡•Å‡§ü‡§ø‡§Ø‡§æ Chinese MEA.

Amit Shah's reply: Talk to my Toe!
(I'm trying to be decent üòÅ)

HM @AmitShah Ji has launched‚Ä¶ https://t.co/8Ds14XZYmi",china,Against,Neutral
"Whatever the Ordnance Factory Board‚Äôs grievances with the Govt‚Äôs move to corporatise it, the fact that it‚Äôs 80,000 strong union-led workforce is going on strike at a time the military is in a standoff with China is ENOUGH to kill its case permanently https://t.co/z7VSaFM8xx",china,Against,Against
"While China is using its traditional medicine along with modern medicine to address the Coronavirus, the left in India is opposing those who say that Yoga and Ayurvedic practices can be helpful.  Many people in the US are also using natural therapies  as an aid.",china,For,Against
#China should be made accountable and should be alienated until they mend ways back to Humanity. https://t.co/sGb0fgY9ku,china,Against,Against
S Jaishankar : ‚ÄúI‚Äôm ready to listen to Rahul Gandhi if he has superior knowledge &amp; wisdom on China.‚Äù https://t.co/0E2707ZtsN,china,Neutral,Against
"#Gravitas | In China, a major financial crisis is unfolding.
Chinese citizens in 86 cities are boycotting mortgage payments towards their homes.
Chinese censors are erasing documents about this boycott.
@palkisu tells you why https://t.co/7zBG9lX5mF",china,Neutral,Against
"Rahul Gandhi is now a LAC Expert  ..... Doing a Press Conference on Indo-China agreement. 

Note : What about 43000 https://t.co/809WvmDXnA we gave to them under Congress Rule after 1962 ??",china,Neutral,Neutral
China to begin work on rail section close to India‚Äôs border https://t.co/VXOabef85q,china,Against,Neutral
"Not only is Modi the only Indian PM to make the maximum ever visits to China, but also bent backwards to surrender dignity &amp; honour along with Indian territory. The chest-thumper who boasted of showing Lal Ankh, now does not dare to even utter the word China. 

 #‡§ö‡•Ä‡§®_‡§®‡§ø‡§∞‡•ç‡§≠‡§∞_‡§≠‡§æ‡§ú‡§™‡§æ https://t.co/vpFWQIz7qT",china,Against,Against
"I guess red eyes of Modi didn't work.üò¨

Traitor Modi lied &amp; now surrendering the Indian soil. 

The use of ""status quo"" is wrong here. Status quo was before 5thJune. Today the situation is encroachment by China. üò†
 https://t.co/dEbPA9ETpc",china,Against,Against
New Delhi is the second biggest shareholder and has gotten nearly $10 bn of grants from AIIB for infrastructure projects in India. All while the Indian foreign minister claims that ties with China are not normal. https://t.co/UMVfVTmps8,china,Neutral,Neutral
"Despite China occupying Indian territories in Ladakh &amp; changing the names of places in Arunachal Pradesh, the trade between China &amp; India in 2021 increased 43.3% from 2020. In 2021, India imported $98 billion from China, exported only $28 billion. Nationalists boycotting China?",china,Against,Neutral
"Last year China pressed 7000 workers &amp; over 100 construction machines to build 1000 bed hospitals in ten days  flat. In India such hurry shown for Central Vista construction! 

How China built a hospital in 10 days https://t.co/OTfJ96Mg3p",china,For,Against
"If a country can't protect a comedian in its capital, how can it protect its border from China? #MunawarFaruqui",china,Against,Against
"RSS: China has intruded. Oops!
Modi had on June 19 denied any intrusion at an all-party meeting four days after 20 Indian soldiers had died during a clash in the Galwan Valley

https://t.co/yMhvUbNlaf",china,Against,Against
"Sonia Gandhi &amp; Congress must clear their stand on Kashmir. 

Rahul Gandhi congratulating photographers who were awarded considering Kashmir isn‚Äôt integral part of India is a cruel joke. #‡§™‡§™‡•ç‡§™‡•Ç_‡§§‡•ã_‡§ó‡§¶‡•ç‡§¶‡§æ‡§∞_‡§π‡•à",congress,Against,For
"People taunting @BJP4India for lack of action on issues dear to #Hindus and showing it how #Congress is ruthless in implementing its anti-Hindu agenda have a point. One may crib about language of some, but not the language. They have show same ruthlessness in MP, Raj recently.",congress,Against,For
"Btw Tuchiye, GOI doesn‚Äôt publish death numbers out of thin air - they collate the numbers published by respective states that collate from local authorities and these are governed by multiple parties including  BJP, congress and other opposition parties https://t.co/EhrPIpP7Zr",congress,Neutral,Neutral
I fear for the day when Congress twitter handle will tweet picture of Johnny sins to give tribute to Pandit Jawahar lal Nehru. The amount of mistakes from this handle makes me believe that the day is not far enough. https://t.co/moWmfP2VgA,congress,Against,Against
"#GupkarGangs #AliBabaAurChalisChor 
Very well defined by Dr. Agnishekhar who is a well known poet, Writer &amp; a Kashmiri Hindu activist. 
A bunch of local politicians with the backing of Congress have destroyed #JammuKashmir &amp; Ladakh. https://t.co/aRyPF3F9aS",congress,Against,For
Divisive Congress https://t.co/H1uQuX43r1,congress,Against,Neutral
Very clear which political party is the mother ship of Maoist Murderers! #NaxalAttack #UrbanNaxal #CongressWithNaxals https://t.co/SjsJgbgZE3,congress,Against,Against
"On 07 Dec Congress leader @boxervijender announced that he'll return his Rajiv Gandhi Khel Ratna award to protest against farm laws.

It's 26 Dec now but he hasn't returned it yet. Let's trend #‡§µ‡§ø‡§ú‡•á‡§Ç‡§¶‡§∞_‡§Ö‡§µ‡§æ‡§∞‡•ç‡§°_‡§µ‡§æ‡§™‡§∏_‡§ï‡§∞ to remind him that people won't let him get away with gimmicks.",congress,Against,Against
Watch | Congress leader Rahul Gandhi's early morning run during #BharatJodoYatra in Telangana https://t.co/88jxw1WOhc,congress,Neutral,Neutral
"I feel very bad for 1000‚Äôs of volunteers who supported congress on SM &amp; field ! 

They did a great job &amp; did whatever possible but unfortunately we couldn‚Äôt cross the line! 

Thank you for your contribution üôèüèº

#keralaelections2021",congress,For,For
"Gotta give @narendramodi an A+ for the sheer gall he has to come begging for votes with a track record that reeks of failure, corruption &amp; the destruction of not just our institutions, but the lives of citizens. Let this sink in India #NoVoteForBJP there‚Äôs only #CongressForIndia https://t.co/OIaYu1G1sc",congress,For,Against
#JusticeForAnkita #JusticeForBilkisBano placards in hand Mahila Congress members along Mr @RahulGandhi walk in #BharatJodoYatra https://t.co/02CfsexRNs,congress,For,Neutral
"To save the country &amp; fight for Idea of India, join congress social media! #JoinCongressSocialMedia https://t.co/S1igTksUIk",congress,For,For
"Karnataka Congress chief Mr @DKShivakumar told me in January 6th, 2023 - the number of seats that he was confident of winning in Karnataka‚Ä¶ 

Mr Shivkumar replied  - 136 ‚Ä¶  üëáüèΩ 

And today Congress is leading on 136 seats in #Karnataka ‚Ä¶ https://t.co/ZKfeZNtAvO",congress,For,Neutral
"@sridhar1085 is one of the most dedicated Congressis I know. He has worked day and night in the past few years, fighting dedicatedly for the party. Questioning his loyalty and hard work for the party is outright wrong.",congress,For,For
I have experienced arrogance of Congress in power. But now for the first time I am facing arrogance of Congress without power! #CongressPresident,congress,Against,Against
"Youth Congress‚Äô candle march in Delhi

Congress has asked its state and district units to hold candle marches in remembrance of those farmers who died during #FarmersProtest 

#FarmLaws https://t.co/EGg9cpbKgd",congress,For,Neutral
"This is a warning for the people who want to divide our nation in the name of religion, language, caste, creed &amp; dress ! 
Beware Indian National Congress will challenge any such attempt &amp; behind them millions of Indians will March ‚ù§Ô∏èüáÆüá≥‚úåüèº
#BharatJodoYatra https://t.co/x1ogOrRWhz",congress,For,Against
"Gopal Singh Chawla, a close aide of Hafiz Saeed and a Khalistani terrorist announces a tractor rally in Pakistan against India‚Äôs farm laws.

Goes on to further explain the authenticity of the ongoing farmers‚Äô protests. After all, you are known by the kind of support, you attract.",farm laws,For,Against
"No record of the death of farmers during protests against farm laws, hence no question of compensation: Govt informs Parliament

https://t.co/i2tLFitdFU",farm laws,For,Neutral
"Anti-farm laws protesters raising Khalistani slogans disrupt Holi celebrations by the Indian community in Alberta, Canada
https://t.co/PpLJSIaGRg",farm laws,For,For
"Political role reversals on past #FarmLaws 

@amanpanwar @pkdnambiar

Watch the full discussion here: https://t.co/ik8s4iaM93

#FarmLaws2020 #FarmBills #FarmersProtest #FarmerAgitation #farmersagitation https://t.co/Luvkjfzl8h",farm laws,Neutral,Neutral
"Domestic violence isn't an internal issue as it's illegal as per Indian law.

Whereas the implementation process of farm laws, the peaceful dissent, action on violent protests &amp; propaganda, the steps to prevent violence are within the legal framework, hence our internal matter.",farm laws,For,For
"5 reasons why farmers won the farm laws battle against Modi govt

@ChitleenKSethi reports for ThePrint

https://t.co/pPfjkFp2GZ",farm laws,Against,Neutral
"Punjab CM Amarinder Singh has objected to the Centre's move of directly making payments to farmers' bank account, alleging that it would aggravate the ongoing crisis over farm laws
https://t.co/19NJ2RLATw",farm laws,Neutral,Neutral
"Where‚Äôs the party tonight?

- Pizza
- DJ
- Foot massager
- Political ‚Äòparty‚Äô

Rush to the nearest protest site!

#RealFarmersWithModi #FarmersProtests #FarmLaws2020 #pizza https://t.co/YurrnPqwwD",farm laws,For,For
"The RLD has thrown its force behind the ongoing farmers‚Äô agitation over the farm laws, with its leader, former MP Jayant Chaudhary, declaring an extended programme of mahapanchayats across western #UttarPradesh till the first week of March.
https://t.co/hBslGUvWAs",farm laws,Neutral,Neutral
"@RahulGandhi @BhavikaKapoor5 #SuitBootLootKiSarkar pushed down farm income growth to a 14 yr low by 2018. This predatory regime has always betrayed farmers from 2014, starting with Land Acquisition amendment, stopping bonuses, scrapping APMCs &amp; MSPs in Bihar &amp; now farm laws for greedy crony capitalists. https://t.co/iWern5nDc8",farm laws,Against,Against
"Yesterday during a discussion with Farmers, Govt asked about the specific Clauses in #FarmLaws which are against the farmers

And as you can guess, they could not answer a single clause which is against them.

Govt has now asked them to come up with the problematic clause. üòÅ https://t.co/MkJwUsbZoT",farm laws,For,Neutral
"Shame on Congress! They accepted today that Amarinder was equally responsible for 3 black farm laws &amp; still they lied to Public !! 

Punjab voters will give a befitting reply in coming elections https://t.co/h5IPTIEozd",farm laws,Against,Against
"Haryana BJP leader Shyam Singh Rana quits party over recently enacted farm laws, says farmers' concerns are genuine and government should have addressed them(PTI) https://t.co/JCq9tW0CGc https://t.co/C2yxzlL97O",farm laws,Against,Neutral
"#OppositionMisleadFarmers
Farm laws are legal and the Government has the right to make laws related to the trade. Both APMC and MSP will not be affected: Union Minister @nstomar  https://t.co/tJc574vfls",farm laws,For,Neutral
"1. Farm laws are not imposed, it gives an extra option without replacing the current system.

2. Few farmers are on the street because political parties and communists misguided them.

3. Modi Sarkar has prioritized small farmers instead of reach farmers. https://t.co/UsBfeOQcVZ",farm laws,For,For
"‚ÄòAzadi‚Äô slogans raised at Azad Maidan in Mumbai as thousands of Muslim protestors gathered to protest against farm laws

https://t.co/IYISzeKRJo",farm laws,Neutral,For
Will the Farm Bills ushered in by the NDA government help farmers? Do they remove MSP or public procurement? @Sanju_Verma_ answers many such questions and debunks the myths surrounding the new #FarmLaws #ModiWithFarmers https://t.co/JiBOTJfjwa,farm laws,Neutral,For
Congress lead by Rahul Gandhi walks out of the Parliament when Prime Minister was speaking about Farm Laws. That's why Indians are walking out of these AndolanJeevi parties.,farm laws,Neutral,Against
"#Delhi CM #ArvindKejriwal to visit #SinghuBorder (#Haryana-#Delhi border) today where #farmers‚Äô #protest, against #Centre‚Äôs #FarmLaws, entered 12th day https://t.co/ruuBVmrOxb",farm laws,Neutral,Neutral
"Workers under the watch of police personnel on Monday hooked iron rods between two rows of cement barriers on a flank of the main highway at #SinghuBorder to further restrict the movement of protesters agitating against the new farm laws at the site.

https://t.co/0sykxsrb87",farm laws,Against,Neutral
"SHOCKING

Agriculture Minister Still Defending the #FarmLaws

He says, #FarmersProtest is confined to just one state. 

He is ignorant, He doesn't know that Farmers from across India are protesting and demanding the repealing of the Law https://t.co/59cMx2cq6j",farm laws,Against,For
"Farm Laws Can Wait!

Focus can be:
1. Security of the Nation.
Punjab being Border State.
2. Drug Menace.
3. Conversions.

Congress, AAP, Pakistan, Khalistani , Anti India Forces fell into their own trap?

If Captain join hands with BJP &amp; becomes CM, Farm Laws can be implemented?",farm laws,Neutral,Against
"#JustIn | The next round of talks between #farmers and Central Government over the #FarmLaws, to be held on 19th January.
 
 #FarmersProtests 
 (ANI)",farmers protests,Neutral,Neutral
"Pl stop #FarmersProtests. 
 They are super spreaders. Dangerous for everyone else. 
 
 Ask any doctor, virologist, expert, scientist or even a man with common sense. Except for stupid liberals and frustrated leftists.",farmers protests,Against,Against
"Journalism is independent research and not mere reproduction of narratives. The global media has done a very shoddy job on the coverage of farmers‚Äô protests in India.
 
 Most reports are superficial and cover just one side of the story.
 
 Normalising violence is supporting violence.",farmers protests,Against,For
"Do you know why #Canada is involved in Indian #FarmersProtests ? BC if Indian farmer get direct access to the bigger market, better facilities, more money to Farmer . Canadian exports to INDIA will go to zero!
 #FarmerBill2020 
 #FarmersWithModi 
 #FarmerProtestHijacked https://t.co/xMTuumPrCc",farmers protests,Against,For
"The govt shut off electricity from farmers protest sites last night. It is like a military siege, blocking access routes to farmers protest sites, shutting off internet! Then sending 1000s of armed policemen, para military &amp; hundreds of stone throwing BJP goons to evict farmers! https://t.co/HuvIDlp7ev",farmers protests,For,Against
"Former Twitter CEO @Jack Dorsey in an interview to @esaagar @krystalball on Breaking Points talks about Worlds Largest Democracy, 
 ‚ÄúIndia for example, India is one of the country which had many requests around farmers protests, around particular journalists which were critical of‚Ä¶ https://t.co/NRNZa5Wt0S https://t.co/unF6dVmv0O",farmers protests,For,For
"Hey @Jack pls add a Twitter emoji to the massive #FarmersProtests in India -- like you did for historic international protests like #BlackLivesMatter 
 
 May be üöú üèπ",farmers protests,For,For
"A meeting between #Farmers and Police is underway at #Singhuborder 
 #FarmersProtests #FarmLaws
 https://t.co/pfyXopfl2p",farmers protests,Neutral,Neutral
"Emerging from the meeting, #RahulGandhi said, ‚ÄúWe met the #President and informed him of our view regarding the three #farmlaws. We informed the President that it is critical that they are taken back‚Äù. #Opposition #FarmersProtest #SitaramYechury https://t.co/RjEy8frPee",farmers protests,For,Neutral
"In one month, our govt has issued statements on events in US (capitol riots), Sri Lanka (devolution), Pakistan (Temple attack) etc..., and also told half a dozen countries they have no right to comment on Indian ""internal matters"" (farmers protests, CAA,J&amp;K etc).",farmers protests,For,Against
Chunavi Hindu Kejriwal ko Gujarat ke bacche kare kuch sawaal https://t.co/K674zyirld,hindu,Neutral,For
"Rumor is that even in #BollywoodKiGandagi, a celebrity father once published his smooch with his daughter. Said if she were not his daughter, he would have married her. 

His woke family sermonises on problems with Hinduism. 

Is this true? https://t.co/uErWzlhsUM",hindu,For,For
"üî∏""HIS"" heart STILL Cries for Peshawar where he WASN'T EVEN born
üî∏""HE"" LOVES to eat BEEF &amp; JUSTIFIES it on ""Peshawari Roots""
üî∏""HIS"" Present Wife is from a Hardcore Hindu Hater Family which is involved in Terr0ri$t acts.

BUT...You've 1""‡§¨‡•ç‡§∞‡§Æ‡•ç‡§π‡§æ‡§∏‡•ç‡§∞‚Äùin Your Hand. USE IT!! https://t.co/dvB8DYOj7M",hindu,For,For
Cc @ArvindKejriwal who denies the persecution of Kashmiri Hindus! https://t.co/rbgf61aps7,hindu,For,For
"Disturbing visuals ‚ÄºÔ∏è

Man named Sahil (father's name Sarfaraz ) stabbed a minor Hindu girl multiple times, leaving her in a pool of blood in Delhi. 

People stood watching &amp; nobody came forward to save her. Minor girl succumbed to injuries during treatment. 

Horrible horrible‚Ä¶ https://t.co/kv49WEswgU https://t.co/1WpMVTUGVT",hindu,For,For
"This is the true anti Hindu face of AAP - this is not a sanyog or a one off incident of abusing Hindus or inciting riots- we have seen how Kejriwal opposed Ram Mandir , how Sisodia did the same, how they backed Delhi riots mastermind Tahir Hussain! 

Will they sack Rajendra Pal? https://t.co/c6J0VCMCG8",hindu,For,For
"I am proud of 
#OurHinduEcosystem",hindu,For,For
"Most corporates, be it Fab India, OTT channels, NGOs are infested with Hinduphobic, anti-India #UrbanNaxals. I have been fighting this for a long time. Pl join this fight and defeat them. 
#BoycottHyundai #BoycottKiaIndia #BoycottKFC",hindu,For,For
"Caste Hindu NGO owner Sunil Shukla gave his private part in the mouth of Dalit minor childrens, had called them home on the pretext of giving them books, obscene behavior with children embarrasses humanity, The incident is from varanasi, UP. https://t.co/lyg6NpAGvA",hindu,Against,For
"""Real Hindus Don't Lynch"" 
Indian Americans Protesting Against Modi in New York. https://t.co/Dt7ERUtmrU",hindu,For,For
"@RahulGandhi It's important for Rahul G to make people aware of the nuances of Hinduism as opposed to the hardliner Hindutva ideology practised by RSS-BJP to put aside the arguments on religion&amp; focus on more pertinent issues like unemployment,covid Mismanagement&amp;lack of dev. under Modi govt https://t.co/m2suUk31BT",hindu,For,For
"Ahead of the anniversary of the scrapping of J&amp;K‚Äôs special status, Naeem Akhtar, PDP leader and ex-minister in the J&amp;K govt said the Modi govt has made Kashmir the ‚Äúfoundation stone‚Äù of its attempts to remake India as a ‚ÄòHindu rashtra‚Äô. | @khanumarfa

https://t.co/EdJO8N99wX",hindu,Against,For
"NANAK NAAM CHARDI KALAA.. TERE BHANE SARBAT DA BHALAA 

Kush Lok Protest Ko Hindu-Sikh ki Ladai Bana Ne Mai Lagey Hue Hain.. Jabki Baat Sirf Kisaan Ki Ho Rahi Hai.. Dharm Ki Baat Toh Hai Hee Nahiüôèüèæ

Koi bhi Dharm Ladai Ki Baat Nahi Kartaüôèüèæ

Rab Da Vastaüôèüèæ

#farmerprotest",hindu,For,For
This is the prominent Lanka-Dafi road adjacent to Banaras Hindu University in Varanasi. Drain overflowing on road is a perennial problem here. Nothing has changed. https://t.co/mMqGug1EAL,hindu,Neutral,For
"RSS' views on #Karnataka defeat: 

‚ñ™Ô∏èThe result has surprised many, though they r not shocking. 

‚ñ™Ô∏èWithout strong leadership &amp;  effective delivery at the regional level, PM Modi‚Äôs charisma and Hindutva as an ideological glue would not be sufficient. 
   https://t.co/rs6zmFXvuM",hindu,Neutral,For
"Rana Pratap and his ancestors were LOOTERS who faced consequences. Rani Durgavati deserved death' - This was propagated by Rajiv Gandhi govt
 
 (Discovery of India doesn't have this reference)
 
 Is this what @RahulGandhi means by Hinduism vs Hindutva?
 
 https://t.co/sBYEv0mc7Q",hindutva,For,For
"Columnist with Shekhar Gupta‚Äôs The Print spreads fake news claiming that Hindutva radicals destroyed a Muslim graveyard
 
 https://t.co/7kDl81fvf2",hindutva,For,Neutral
"5. Beware my Hindu brother, This is part of the dirty game of Congress. They are following their toolkit 'Hindu Vs Hindutva!'",hindutva,For,For
"Reading ‚ÄúHindutva- For the Changing Time‚Äù by respected Shri J Nandakumar Ji.
 A must read book for all nationalists who love Bharat‚Äôs sanatan dharma,culture,history and civilisation. 
 @kumarnandaj Thanks You Sirüôè https://t.co/XF0bqU4Ump",hindutva,For,For
"Dismantling Global Hindutva conference has backfired badly.
 
 First time, Hindus have put up organized opposition.
 
 As a result, word ""Hinduphobia"" has gone mainstream.
 
 The more liberals deny it, more people will believe it.
 
 Till now, it was all one sided.",hindutva,For,For
"Yes. I am an educated, outspoken, independent woman and I believe in Hindutva. Hindutva is simply being assertive about Hindu Dharma. That‚Äôs it. That‚Äôs the tweet. If YOU don‚Äôt like it, that‚Äôs your effing problem.",hindutva,For,For
"When International Cartel has realized that their old trick to divide Hindus based on caste is not getting results as per their expectations, they came with a new theory Hindu vs Hindutva.
 
 They want to divide Hindus anyhow!",hindutva,For,For
"This reflects the true mindset of Congress; they try to legitimise the radical elements of ISIS by creating an artificial equivalence with Hindus: Gaurav Bhatia, National Spokesperson, BJP, on Salman Khurshid's provocative remark on Hindutva
 
 Watch here https://t.co/oefJxIhn1D https://t.co/RHh4IjcjEZ",hindutva,For,For
"1. Effigy of Lord Shri Ram was burnt in Punjab's Manawala on Dussehra
 
 No violence reported in any part of India. 2 arrested: Chandan Singh, Tarlok Singh.
 
 2. AMU students, who raised slogan of 'Hindutva ki kabar khudegi', now protesting against France because sentiments are hurt",hindutva,Against,Against
Delhi CM @ArvindKejriwal is trying to imitate Modi‚Äôs politics. But who prefers a duplicate when original Hindutva icon is available? My respect of Kejriwal has gone done considerably after Delhi election and riots. Feel sorry for this well intended leader.,hindutva,Against,For
Nothing is so heinous that these Hindutva bigots can't do! https://t.co/Kleu78rcSH,hindutva,Against,Against
"#EXCLUSIVE: Hateful content #toolkits, Hindutva propaganda, and manufacturing fake social media trends inside Kapil Mishra's 'Hindu Ecosystem' on @telegram. Report by @Memeghnad and @Shambanana 
 https://t.co/gGdjGJO48m",hindutva,Against,For
"Now Hindutva Nazis are targeting Irfan Pathan because he tweeted in support of #Palestine .
 
 Many verified RW trolls tweeting ""India stands with Israel"" meanwhile dead bodies of Indians are floating in rivers.
 
 #FreePalestine #PalestinianLivesMatter https://t.co/s7N8uheJlq",hindutva,Against,Against
"Dekho dekho‚Ä¶ Kejriwal hindutva card khel raha‚Ä¶. 
 
  https://t.co/bYwPGKmOb3",hindutva,Against,Neutral
FIRED. Done. Despite losses. Happy that I did. #TheKashmirFiles https://t.co/sx0Ae2RF3m,kashmir,For,For
"Films made tax-free by CM Kejriwal in Delhi:

1. 83
2. Saand Ki Aankh
3. Nil Battey Sannata

Kejriwal insinuated that ‚ÄòThe Kashmir Files‚Äô is jhoothi (false) movie.

83 movie showed Pak Army stopping firing to let Indian Army listen to the score of final match

Did that happen? No",kashmir,Against,For
A captivating sight of the train traversing through the snow-covered Baramulla-Banihal stretch of Jammu &amp; Kashmir. https://t.co/SsWxUbxIj3,kashmir,For,For
Only a fool would talk of PM Modi sacrificing interest of Kashmir in a meeting to be organised on the day after the balidan diwas of SP Mookerjee!,kashmir,For,For
"Congratulations Forces for Neutralizing 02 Ter0rists in Srinagar #Kashmir ‚Ç¨ncounter today without any Casuality or Collateral . 

With This Successful Op Security Forces have Cleansed Valley of 78 Ter0rists this Year",kashmir,For,For
For the First time Seats to be Reserved for Scheduled Tribes too in Jammu and Kashmir,kashmir,For,Neutral
"USA can't even count votes properly in its President election but give Gyan to Bharat on Kashmir issue.
#USElections",kashmir,Neutral,Neutral
"Modi's personal effects contain an insightful handwritten note, a poem dedicated to Bhagwaan Sri Ram.

The poetry is written on the letterhead of the BJP Jammu and Kashmir. https://t.co/1f17qzVGpD",kashmir,For,Neutral
"The experience of Kashmir for last 30 years had clearly reflected that use of force is not sufficient to control the violent rebellions. Terrorist organisation have been crushed time and again, their supporters have been put behind the bars for innumerable times, +",kashmir,For,For
Rahul Gandhi doesn‚Äôt put 6 million Kashmiris in jail to claim Kashmir! #BharatJodoYatra https://t.co/9xb2VQjvpQ,kashmir,Against,Neutral
"JKPCC @INCJammuKashmir working president Raman Balla Ji @RamanBhalla_ was stopped by @JmuKmrPolice from meeting the protesting Kashmiri Pandits. 

I condemn",kashmir,For,For
"Militants lobbed a #grenade near Qazigund Dak Bungalow in #Kulgam district, #JammuAndKashmir https://t.co/YtQAuBqxMW",kashmir,Against,Neutral
"A good article by @SaraHayatShah that sheds light on #BJP's dangerous project of ""cultural homogenisation"" in #Kashmir. Also on its politics of using proxies to make inroads. https://t.co/hHV6b4LTJ8",kashmir,For,For
"Praful Khoda Patel of Muslim-majority Lakshadweep has been accused of moving to ban beef-eating and cattle transport, cracking down on protests and destroying fishing infrastructure, with politicians alleging he wants to turn the UT into ‚Äúanother Kashmir‚Äù 
https://t.co/PJgJxP4Dlr",kashmir,Against,For
"In Kashmir, bikes have become security threats. What sort of madness is this?",kashmir,Against,Against
"Amidst chest thumping and cacophony in TV debates, one simple point.

BJP has now been ruling for 8 years and preaching for last 7 decades as to how Kashmir should be handled. It must now demonstrate that it‚Äôs govt can secure the lives of people in Kashmir. https://t.co/M2YotTiz1f",kashmir,For,For
‚ÄúIt‚Äôs all about land‚Äù: Mehbooba Mufti says plundering Kashmiris is BJP's plan in Kashmir  https://t.co/9JYOTBCcJK via @tkwmag,kashmir,For,For
"#KashmirFilesClash | @shaziailmi, National Spokesperson BJP, takes on Akshay Marathe, Spokesperson AAP, on AAP's statements on The Kashmir Files and on Kashmiri Pandits; Tune in #LIVE here - https://t.co/YyXSvvu9Tr https://t.co/nz2BQo9bLx",kashmiri pandits,Neutral,Neutral
"It is a WRAP for #TheKashmirFiles. Gut wrenching, sad &amp; truthful experience. A true story that waited for 30 years to be told! Thank you @vivekagnihotri #PallaviJoshi for making this film. Thank you cast &amp; the crew for your love &amp; dedication. Jai Ho!!üôè #Exodus #KashmiriPandits https://t.co/G3gnMADNCW",kashmiri pandits,For,For
"Since #RahulBhat‚Äôs killing, the massive spontaneous protests by Kashmiri Pandits in Kashmir is a clear indicator that our younger generations are ready to take charge. We deserve new leadership that is connected to the ground &amp; has the pulse of our community. Our youth must lead.",kashmiri pandits,Neutral,For
"Kashmiri Pandits protest against Rahul Bhat's killing in J-K's Budgam
 
 Read @ANI Story | https://t.co/L8Zk2dB53w
 
 #KashmiriPandits #Kashmir #RahulBhat https://t.co/XILzyaMKnv",kashmiri pandits,Neutral,Neutral
#KanganaRanaut calls out selective secularism of Bollywood and so-called liberals and urges @narendramodi @PMOIndia to take strict action against atrocities done on #KashmiriPandits and their safe return to their homeland. #AjayPandita #JusticeForAjayPandita https://t.co/gy6PxxkzEh,kashmiri pandits,For,For
"30 years ago this day, Jan 19, 1990, mosques started blaring threats to #KashmiriPandits: convert to Islam or get out. Destruction of Pandit homes &amp; lives began. So did the #KashmiriHinduExodus, exiling the Valley‚Äôs intellectual but gentle core. Read! https://t.co/NZLzV91IeL",kashmiri pandits,For,For
Kashmiri Pandits had organised a protest at Taj Palace Hotel in New Delhi when India Today invited terrorist Yasin Malik as guest speaker. UPA Govt remained silent. India Today didn‚Äôt reconsider invite. Cops forcibly removed KPs. Watch what Yasin Malik did in #TheKashmirFiles. https://t.co/CSKj92fEFW,kashmiri pandits,For,Neutral
"Her father Mufti Muhammad Saeed became Home Minister of India on Dec 2, 1989. 
 
 Exodus of Kashmiri Pandits began on Jan 19,1990. 
 
 That's how focussed these Islamists are. 
 
 Demograpy is destiny. She knows it. Kafirs don't. https://t.co/c36CZTq1nS",kashmiri pandits,For,For
"#KashmiriPandits- TV Media &amp; BJP targeted @ArvindKejriwal with a document issued by Dilip Bhan who claimed to be COORDINATOR of Government School Teachers Association (Migrant)
 
 In an exclusive interview to me, Bhan ADMITS that he is NOT the coordinator.
 
 https://t.co/WShb44Bnq0",kashmiri pandits,Neutral,Neutral
"No one is saying that Kashmiri Pandits were not targeted by Kashmir militants in 1989-1990. Dozens of movies have been made on Kashmir militancy. But, the regime-sponsored 'The Kashmir File' was a 'vulgar, propaganda' to create more hate and anger against Kashmiris &amp; Muslims.",kashmiri pandits,Neutral,For
"A case is being made that Congress is rattled on the issue of Kashmiri Pandits or Kashmir. But certainly, that‚Äôs wrong! https://t.co/A1mbqSwaLh",kashmiri pandits,Neutral,Neutral
"Example of Township built by Congress only for Kashmiri Pandits in J&amp;K. 
 Date March 04, 2011
 
 How many such township built by BJP in last 8 years ?
 
 Any data @narendramodi ?
 
 #TheKashmirFiles https://t.co/LILbJHQJ6J",kashmiri pandits,Neutral,Neutral
The Kashmiri Pandits (also known as Kashmiri Brahmins) are a group of Kashmiri Hindus and a part of the larger Saraswat Brahmin community of India. They belong to the Pancha Gauda Brahmin group from the Kashmir Valley.,kashmiri pandits,Neutral,For
"How many of you feel that BJP is behind the attacks on Kashmiri Pandits to ignite hate against Muslims and to polarise Hindu votes. 
 
 I feel.",kashmiri pandits,Neutral,For
"Amit Malviya and Kapil Mishra misrepresented Delhi CM Kejriwal's assembly address where he criticised BJP members for promoting 'The Kashmir Files'. They falsely claimed Kejriwal denied atrocities faced by Kashmiri Pandits. #AltNewsFactCheck | @ArchitMeta
 https://t.co/lck3RsyLg3",kashmiri pandits,Neutral,Neutral
"Maharashtra CM Uddhav Thackeray said that Kashmiri pandits are not safe in Kashmir, the security should be provided to them, but central govt providing security to those who are attacking Shiv Sena &amp; useless people in Maharashtra.
 @NewIndianXpress",kashmiri pandits,For,For
"So @narendramodi is off to the #Matua shrine to prey on a persecuted community for electoral gain. The man is manic in his quest for power, and content to bastardise religion for personal gain. May the Matuas not be fooled by him &amp; say #NoVoteToBJP for the #WestBengalElections https://t.co/Hwrv5mDuB6",modi,Against,Against
"This ‚Å¶@narendramodi‚Å© Govt appears to be hell bent on destroying the dignity and sobriety of the three services; and replacing it with some bastardised Bollywood culture

How embarrassing this ‚ÄúNavy nautanki‚Äù is! Are the service chiefs going to shut their eyes and acquiesce? https://t.co/e3CZFgpgkp",modi,Against,Against
"Appreciating #VivekAgnihotri's (@vivekagnihotri) film '#TheKashmirFiles', Prime Minister #NarendraModi (@narendramodi) on Tuesday said more films like this need to be made so that people can know the truth. https://t.co/7bVDXp7jBf",modi,For,For
"Wah Modi Ji Wah ! 

You thought you replace Nehru‚Äôs legacy by just renaming a road ?? 

You are living in fools paradise ! 

#ModiHaiToMumkinHai https://t.co/cE7JiFeSAu",modi,Against,Against
"PM @narendramodi unveils a bust of Mahatma Gandhi in Hiroshima, Japan. https://t.co/RmZobqj9d2",modi,Neutral,Neutral
"After programmes in Hyderabad, PM @narendramodi landed in Chennai, where he was welcomed by Governor Shri RN Ravi, CM Shri @mkstalin, Ministers, MPs and other dignitaries. https://t.co/PlQgErBxPA",modi,Neutral,Neutral
"And, no holds barred @RahulGandhi calls the corona pandemic ‚ÄúMovid‚Äù after @narendramodi",modi,Against,Against
"Dear @narendramodi:

Amidst all the happenings of the last few days, pls do know that I‚Äôve not forgotten about the PM CARES scam nor have I stopped working on it. 

Sab hisaab rakha jaaega. 

Cheers.",modi,Against,For
"US $ = 76.88 

Today US $ against One Indian Rupee has crossed all previous records. Indian Rupee is all time low. 
I hope PM @narendramodi must have remembered CM Modi words. If not here then he should watch this and feel embarrassed. üòÅ https://t.co/KSmKZySuZJ",modi,Against,Against
"Meanwhile, just in case any Indian is still worried about Chinese troops in Ladakh, they can shift their attention to the year-long commemoration of the 1971 war.

What irony! @narendramodi is celebrating a grand Indira Gandhi victory to shift attention from a Modi defeat! https://t.co/Sl5U9eGzw5",modi,Against,Against
Unfortunate is the fact that we are governed by @narendramodi https://t.co/zvUEii6bYV,modi,Against,Neutral
PM @narendramodi visited the Heliopolis War Memorial in Cairo. He paid homage to the supreme sacrifice made by countless Indian soldiers during the First World War. https://t.co/l4rGbIcOud,modi,For,For
"PM @narendramodi to interact with representatives from #Varanasi based NGOs tomorrow

PM to discuss and showcase the efforts of these organizations towards food distribution and other assistance measures during #lockdown

Details: https://t.co/UNpOGqAXlY",modi,For,For
"PM @narendramodi‚Äôs water mission is a game changer, writes @Sanju_Verma_. #MustRead https://t.co/Hnxa1XUah5",modi,For,For
"Textile sector has always brought opportunities, will help in building self-reliant India: PM @narendramodi. Take a look at the key highlights from PM‚Äôs address on Textile Traditions. #AatmaNirbharBharat https://t.co/McYoOu5OpC",modi,For,For
"A special start to a special visit. 

PM @narendramodi was welcomed by PM Frederiksen at Copenhagen. 
@Statsmin https://t.co/iRnJt6J8k3",modi,For,Neutral
"From today, #Modified_Lockdown is being implemented in the state. I urge everyone to follow all the guidelines &amp; adhere to instructions. No one should be negligent &amp; those who are not included in category of activities which are allowed under modified lockdown ,must #StayHomeüè†.",modi,Neutral,For
"MSP was there.

MSP is there.

MSP will remain in the future.

Affordable ration for the poor will continue. 

Mandis will be modernised: PM @narendramodi #PMinRajyaSabha",modi,For,For
"Dear Muslim brothers and sisters,
After watching yesterday's video and observing Police and Govt (s) attitude related to the incident, I am shocked. 

It is unimaginable what all you have to face, one after another.  Hope we will change it together. 

Sorry. üòî",muslim,For,For
Imagine if this mob at Capitol Hill comprised of Muslims or Black people ?,muslim,Neutral,For
"Anand Swaroop claims to have threatened People/hotels in Haridwar not to celebrate Christmas. He says, For this year, he won't allow Muslims and Christians to celebrate their festivals in Uttarkhand since it belongs only to Hindus. #HaridwarHateAssembly https://t.co/j43qFS8PzS",muslim,For,For
Insulting Prophet has become new normal now sad part is even Muslims have taken it as part of life,muslim,For,For
"Moplah massacre: Classical dancer Kalyanikutty Amma‚Äôs granddaughter recounts how their ancestral home is now occupied by Muslims
https://t.co/wlJk3pIBkp",muslim,Against,Neutral
"A few of the contributions of muslims in our struggle for independence &amp; in the making of our nation. There are many, many more https://t.co/NLz18SbgcB",muslim,For,For
"Bangladesh: Muslims attack Hindu temples, train, government offices, stone police in rage over Modi visit https://t.co/lZ9tsAgqHs https://t.co/mIxoWcd2Gj",muslim,Against,For
Tax payers are new Muslims üò¨ü§™,muslim,Against,For
"VHP worker brutally attacked by Muslim mob in Amravati, Maharashtra. We request @OfficeofUT @AmtCityPolice to take strict action against the culprits. https://t.co/tzxxo0hpHN",muslim,Against,For
"Haryana News

BJP &amp; JJP forms alliance for local body polls.

BJP will contest 14 Municipal Councils &amp; JJP to contest 4 Municipal Councils.

Out of 4 that JJP got one is Nuh which is Muslim dominated.",muslim,Neutral,For
"Update  : The muslim shopkeeper Nasir was handed over to relatives last night around 10 pm by cops . has been told he will be called to police station again if required for questioning . case continues till cops file a closure / final report in court or a chargesheet 
Thakur https://t.co/aUq38ZCtGV",muslim,Neutral,Neutral
"Nigeria: Muslims storm village, shoot pastor, kidnap women on their way to church https://t.co/FTPZKPsqJI https://t.co/UTMFezPru9",muslim,Against,Neutral
"IT dept raids former BSP leader Zulfiqar Ahmed Bhutto: As MLA surrenders Rs 100 cr undeclared income from his meat business, Muslim org cry foul

https://t.co/LBMlgQidod",muslim,Against,For
"Garba celebrates the womb, or Garbha. Hindus dance around a clay lamp [‡§ó‡§∞‡•ç‡§≠ ‡§¶‡•Ä‡§™] symbolising the divine womb ensconced in a body.

Muslims, expressly forbidden to worship anyone other than Allah 40:62; 17:22; 12:40; 3:64; 5:55 are welcome to worship Ma Durga [Aditi] and her womb.",muslim,Against,For
"Raise your voice for indian Muslim...

#SaveTripuraMuslims",muslim,For,For
"Arfa Khanum Sherwani denies the existence of Muslim appeasement in West Bengal, here‚Äôs how she is comparing apples and oranges

https://t.co/CWF251jnIQ",muslim,Against,For
"The last two years have been witness to calls for the socio-economic boycott of Muslims and there have even been open calls for their rape and genocide. | @Mahmudabad
https://t.co/9dbWB9Nte9",muslim,For,For
Hey @TheHarrisSultan - is this beheading an example of that imminent genocide of Muslims you say you're so worried about? https://t.co/JNtLbkMYR9,muslim,Neutral,For
"Muslim girl will never attend pr participate in ""Kanya Pujan"" why Hindu girls are being fooled to wear Hijab and eat ""iftari"" ... next steps would be to convert these girls in accepting Izlam ...

https://t.co/PCJ95M1rxw",muslim,Against,For
"‚ÄòMy birth is my fatal accident‚Äô.
Rohith Vemula‚Äôs profound words 
Being a Muslim and asking for your constitutional rights is a crime in New India. 
#StandWithUmarKhalid",muslim,For,For
"Prime Minister @narendramodi unveiled the National Emblem of #IndiaüáÆüá≥ atop the new Parliament House on Monday 11 July 2022. This marked yet another important milestone in the decolonisation of Lutyens Delhi.
 n1 https://t.co/eOkSPokuKw",new parliament,For,Neutral
"Women farmers from Punjab under the leadership of KMSC departed from the Beas flyover to take part in ""Mahila Samman Mahapanchayat"" in front of the new parliament tomorrow ! #WrestlersProtest 

@SakshiMalik @BajrangPunia https://t.co/cG9LkY2x3v",new parliament,Neutral,Neutral
"Dear people of India, the govt is reducing your take-home salary from April and building a new Parliament. Then they won't allow any debate in favour of you and pass laws against you favouring crony capitalists while you are the ones who are paying this govt's salary.",new parliament,Against,Against
"Watch | Even as India is grappling with a devastating #coronavirus outbreak, 24/7 work continues on the new Parliament project

NDTV's Sunil Prabhu reports https://t.co/zlngT302tY",new parliament,Against,Neutral
Modi inaugurates India‚Äôs new parliament building with a bunch Hindu Brahmin priests-India is constitutionally still a secular country and Brahmins are only 3% of India‚Äôs population. https://t.co/8V4PAO1BhT,new parliament,For,Against
"#KapilSibal took a swipe at the BJP over the new Parliament building's inauguration, saying he wants his India neither new nor old but one where Parliament is without religious rituals. https://t.co/Hk37bx49Xl",new parliament,Against,For
National Emblem on New Parliament of New India üáÆüá≥ Jai Ho ‚ù§Ô∏è #CentralVista https://t.co/XgWxxnrKDZ,new parliament,For,Neutral
"While Modi was inaugurating his new Parliament, this is what his police was doing with India‚Äôs top sports women and men! https://t.co/f7LLAPwd4C",new parliament,Against,Against
"We, the people of India, take this pledge that nothing will be more important to us than the unity, integrity of the country: PM @narendramodi #NewParliament4NewIndia",new parliament,For,For
"#WATCH | First look at the New Parliament building that will be inaugurated by PM @narendramodi on May 28.

#NewParliamentBuilding https://t.co/OxlIXmzf8H",new parliament,Neutral,For
Save the Parliament House precinct. It is a symbol of our freedom. We don‚Äôt need a India does not need a new Parliament House and precinct.,new parliament,Against,Against
"#DoYouKnow, the new Parliament Building will have two separate designated entrances that will provide secure access to the Public Galleries. #NewParliament4NewIndia https://t.co/o1VDgqOwzg",new parliament,For,For
"PM @narendramodi unveils National Emblem cast on the roof of the new Parliament Building

Prime Minister also interacts with the Shramjeevis involved in the making of the Parliament

Read here: https://t.co/fDelsdHh0s https://t.co/YRNaOVsqNp",new parliament,For,Neutral
"Do you know?

The theme of the Rajya Sabha is inspired by the National Flower of India - the Lotus, in the New Parliament Building.

#NewParliament4NewIndia #NewParliamentBuilding https://t.co/TlubXau6oP",new parliament,For,For
"PM Modi Inspects Construction Works Of The New parliament Building in New Delhi. üáÆüá≥

Dear PM @narendramodi Ji Please Take Some Rest. ‚ù§üôè https://t.co/CwEFv44ztU",new parliament,For,Neutral
Here‚Äôs how the New Parliament Building will be technologically advanced. #NewParliament4NewIndia https://t.co/uahUTOZSPu,new parliament,For,For
"PM @narendramodi lays foundation stone of the new #Parliament building near #IndiaGate.

#NewParliamentBuilding #NewParliament4NewIndia #NewParliament 

https://t.co/y96OS7dyin",new parliament,For,Neutral
PM @narendramodi unveils National Emblem cast on the roof of the New Parliament Building. https://t.co/dnW3YLyZNp,new parliament,Neutral,Neutral
"The new parliament building doesn't stand for secularism,it stands for Hindu Rashtra. The foundation stone was laid with Hindu rituals, ignoring every other religion that India stands for. It doesn't stand for democracy.Modi govt doesn't allow democratic procedures in Parliament.",new parliament,Against,For
"As Modi Inaugurates New Parliament, Police Detains Wrestlers Including Sakshi Malik, Vinesh Phogat https://t.co/V1uDu6QCwg",new parliament,Against,Neutral
"#NewParliamentMyPride | This is a proud moment for the entire country. Millions dream to be a member in the temple of democracy with their hard work, honesty and leadership qualities. PM Modi has all the rights to inaugurate because he is fulfilling the dream of every Indian:‚Ä¶ https://t.co/I4ErZ4Tfc8 https://t.co/gf4NimWSH7",new parliament,For,For
"A 5 year old..She died of thirst in Rajasthan 

Imagine if this would have happened in Uttar Pradesh‚Ä¶ till now @RahulGandhi &amp; his ilk would have blamed ‚Äúcruel‚Äù @narendramodi &amp; his cruel policies

But these shameless vultures are now silent 

Shameless https://t.co/6djMmg6mRA https://t.co/1gjjJ8hN2m",rahulgandhi,Against,Against
"Rajiv Gandhi was killed in a terror attack. Do all who die in a terror attack become martyrs. In that case, all those people who died with him in the suicide bomb blast must also be declared a martyr, and their families must be given the benefits of a martyr. @RahulGandhi",rahulgandhi,Neutral,For
"Mr @RahulGandhi, nation was disturbed when:

Nehru gifted 38,000 sq km land to China. 

Nehru sacrificed¬†the permanent membership of the UNSC.

Indira Gandhi imposed Emergency.

Congress incited anti-sikh riots in 1984. 

Scams were exploding all around Manmohan Singh. https://t.co/JcMC20D0yy",rahulgandhi,Against,Neutral
@RahulGandhi Maino crying in corner,rahulgandhi,Against,Against
How did @INCIndia know the ad was about @RahulGandhi? https://t.co/MbFNfpL3ia,rahulgandhi,Against,Neutral
@RahulGandhi This account is managed by Capt. Bana Singh's grandson. https://t.co/dP9lOqEShk,rahulgandhi,Neutral,Neutral
.@RahulGandhi leaves from Parliament https://t.co/icpTFOSfmO,rahulgandhi,Neutral,Neutral
"@RahulGandhi Rahul Gandhi is the only leader who is fighting for everyone.

#BharatJodoYatra https://t.co/azrBUrUnWF",rahulgandhi,For,For
"Congress President Mr Mallikarjun @kharge , Mr @RahulGandhi hold a meeting with Congress‚Äô #Rajasthan leaders in #Delhi 

Mr @ashokgehlot51 joins the meet virtually‚Ä¶ https://t.co/35PITRVvm7",rahulgandhi,Neutral,Neutral
The truth is that on the corruption of the Rafale deal proof of which has been reported today @RahulGandhi was the lone voice in the congress party. Not a single leader stood with him in his accusations against @PMOIndia https://t.co/GqNU4WANxI,rahulgandhi,For,Against
"@RahulGandhi #‡§≠‡§æ‡§ú‡§™‡§æ_‡§π‡•à_‡§§‡•ã_‡§¨‡§∞‡•ç‡§¨‡§æ‡§¶‡•Ä_‡§π‡•à
CMIE data on Unemployment: 
 üîπÔ∏èUrban India moved into double digits to üëâ10.3% from 9.7% 
üîπÔ∏èRural sector joblessness inched up at higher pace to üëâ8.92% from 8.23%. 

BJP had already achieved joblessness at a 45 yr high of 6.1% long ago in 2018. https://t.co/agnxuzv3BQ",rahulgandhi,For,Neutral
"Mr @RahulGandhi‚Äôs interaction with civil society members gets over ‚Ä¶ 

According to Congress sources, Mr Gandhi spoke at length about Bharat Jodo Yatra https://t.co/b7XGtNz6pY",rahulgandhi,Neutral,Neutral
"Opposition leaders including Mr @RahulGandhi meet in the Parliament House 

Mr #YashwantSinha files nomination for #PresidentialElection https://t.co/nsaHPkfJVi",rahulgandhi,Neutral,Neutral
"Congress, Worker &amp; Mr @RahulGandhi ‚Ä¶ https://t.co/0WEARgdq40",rahulgandhi,Neutral,Neutral
"The BJP-RSS,
Modi government is sending an eviction notice to the very family that gave away their own ancestral home, Teen Murti Bhavan, for the country.
@RahulGandhi https://t.co/sX2TKdRovx https://t.co/nPnk5Al8ug",rahulgandhi,For,Neutral
#BharatJodoYatra @RahulGandhi in Jammu today https://t.co/pkpis3kTvI,rahulgandhi,Neutral,Neutral
"Finally, the most awaited day for Hindus has arrived; Wait of over 500 years is over as #Ramlalla returns to his birthplace: #RamMandirAyodhya https://t.co/xFirxviUmH via @eOrganiser",ram mandir,For,For
"One of the most remarkable constructions under progress is the Hindu Temple, Ram Mandir, located in Ayodhya of Uttar Pradesh. The construction of Ram Mandir is going on the ground site where Lord Rama had taken birth. #‡§≠‡§æ‡§∞‡§§_‡§ó‡•å‡§∞‡§µ_‡§∂‡•ç‡§∞‡•Ä‡§∞‡§æ‡§Æ_‡§Æ‡§Ç‡§¶‡§ø‡§∞ https://t.co/KdwD7XsipE",ram mandir,For,For
"The best day of my Twitter life was when the verdict on Ram Mandir came. But I will be the happiest person in this world when the most handsome, most dynamic, the global supremo leader @Dr_Uditraj ji will become the President of Congress. Fingers crossed. 

#MainBhiUditraj",ram mandir,For,For
"""By sending the cheque to PM instead of the @ShriRamTeerth &amp; by demanding proof from VHP, Congress has yet again used the Ram Mandir for playing dirty political games. Ram Bhakts are not like them!""

Dr. Surendra Jain, Vice President of VHP replies to @digvijaya_28

@VHPDigital https://t.co/mwsdN7DWHS",ram mandir,For,For
"MP: Fazil Khan willingly accepts Hinduism and marries a Hindu girl in a Ram Mandir, says he is happy to accept Janeu in front of Lord Ram's idol

https://t.co/unH5d6mCTV",ram mandir,For,For
"Read ‚Å¶@bainjal‚Å© &amp; evolve ‚Å¶‚Å¶@priyankagandhi can‚Äôt allow Bisht to change the conversation so that you‚Äôll make no mention of his Covid missteps. He‚Äôs setting Ram Mandir, Kabristans &amp; warnings of surgical strikes as issues for #UPElections2022 üôÑ https://t.co/6yfrb4jUFZ",ram mandir,Against,For
"There should be no vaccine for people who were saying ‚ÄòMandir wahin banayenge‚Äô.

Let Ram Mandir cure them https://t.co/ba6juVMRGu",ram mandir,Against,For
"Sabka saath Sabka Vishwas folks standing in long Ques with their Papers to vote against @narendramodi
Will Hindus come out &amp; stand for one PM who gave them Ram Mandir, abolished 370 &amp; brought CAA?
If they can vote for their religion what stop you o hindus?
Come out and vote! https://t.co/cARVB2UXXG",ram mandir,For,For
"Hi @INCMP: 

It is incredibly shocking &amp; disappointing to know that Bhopal South West MLA P. C. Sharma of Congress is going around soliciting donations for Ram Mandir construction.

The state PCC high command MUST intervene &amp; stop this farce immediately. 

https://t.co/AGCFkxOpLH",ram mandir,Against,For
"Indian GDP - ‚ÄòShav Aasan‚Äô
Petrol Price - ‚ÄòSheersh Aasan‚Äô
Ram Mandir - ‚ÄòChandaasan‚Äô",ram mandir,Against,For
"That's the reason ED is after the Gandhis, barricades outside Congress HQ, black magic, India Today survey, Draupadi Murmu, Amit Shah's Ram mandir statement, BJP making a hero out of Kejriwal who is nothing in Gujarat right now. Congress might just win Gujarat.",ram mandir,Against,Against
"Make your temples @BJP4India and keep demanding your masjids @asadowaisi ! But for humanity‚Äôs sake, help make the #COVID19 vaccine free ! #freethevaccine @SerumInstIndia @adarpoonawalla @kiranshaw. Great initiative, Tushar! @Yunus_Centre 
#Babri #Ayodhya #RamMandir https://t.co/xzOf4mcjjl",ram mandir,Against,For
Can Congress' new Ram Mandir frenzy be called Unlock 2.0?,ram mandir,For,For
"For Modi Bhakts,  Judge JB Pardiwala 's statement on Nupur Sharma is not acceptable because he is the son of a former Congress MLA.

Modi Bhakts forgot that CJI Ranjan Gogoi who gave Ram Mandir verdict is the son of Ex Congress CM Keshab Chandra Gogoi

#NupurSharma
#JBPardiwala https://t.co/onUcvfkQ85",ram mandir,Neutral,Neutral
"Diwali par woh ek pooja ki pic laga dein aap khush ho jaate ho. That's photo-op. 

But Ram Mandir Jab Jihadi Babar ki encroachment se reclaim hota hai. Sab chup rahte hain. 

Their silence on #TheKashmirFiles, #RamMandir is their ideology. Rest is optics!",ram mandir,For,For
"Folks, please forget rising Covid cases, China ‚Äòtransgressions‚Äô, falling growth rates, job crisis, rising inflation, floods and monsoon mayhem, even Ram Mandir: Rhea Chakraborty is appearing before Enforcement Directorate. All izz well! üôè",ram mandir,Neutral,Against
"By July 1, in the second phase of Unlock India, the infected number crossed 600,000 with 18,000 deaths. 

Ground-breaking ceremonies for the BJP‚Äôs Ram Mandir project in Ayodhya took place the following month. 

https://t.co/YVgnNhq7FT",ram mandir,Against,Neutral
"So we are supposed to believe get that Hindutva - which won over 300 seats, got Ram Mandir, removed Article 370, got CAA, made Pragya MP, Modi PM, Yogi CM, Shah HM - is somehow waiting for Owaisi to win few more MLAs to fulfill its vision? Reality check anyone?",ram mandir,Against,For
"Chalo ji... Ram Mandir bhi aa gaya farmers protest mein.

Ab bas dawood aur Al qaida bhi le aayen toh baat khatam ho https://t.co/lQLjwBXxNa",ram mandir,Against,For
Tonight: 9 pm: the big Ram Mandir debate: does Ram politics divide or unite? @OfficeOfKNath @asadowaisi @sambitswaraj @SupriyaShrinate @SudheenKulkarni join the debate.. @IndiaToday https://t.co/goqIwCbSi4,ram mandir,Neutral,For
"CSIR is funded by taxpayers money.
Over 80% taxpayers are Hindus.

I‚Äôm happy that my tax is used here.

If the taxpayers money can be used for Haj Houses, Haj subsidies, Madrasa etc, why can‚Äôt a research be done out of it?

Remember: Ram Mandir is built by the donations of Hindus https://t.co/sRjWhubFis",ram mandir,For,For
"Finally! Famous Shaheen Bagh ki Dadi has reached as ""Farmers' protest"". Last time she had won prize after 51 deaths. Lets see what she is expecting now.
 https://t.co/ibDWZ2FdX6",shaheen bagh,Against,For
"There were people saying Shaheen Bagh should be halted as it‚Äôs helping the BJP. I wrote on 31 Jan, amidst BJP‚Äôs heightened Hindutva pitch, that an AAP victory was a foregone conclusion and therefore, Shaheen Bagh need not give in to the pressure 
https://t.co/hcyMQDp7ZZ",shaheen bagh,For,For
"Sonia, Rahul's statement today on CAA. All journalists again going to Shaheen Bagh.

What's cooking? Is Congress planning something violent?",shaheen bagh,Against,For
"82-year-old Shaheen Bagh protester Bilkis Bano, Gaana singer Isaivani, para-athlete Manasi Joshi and climate activist Ridhima Pandey are the four Indian women who were included in the ‚ÄòBBC 100 Women 2020‚Äò list, released on Tuesday.

https://t.co/9qWkTxkJn8",shaheen bagh,For,For
"Almost all of the Muslims in Padma list are those who share Hindu culture. Perhaps a symbolism/message from Modi govt that Sharjleels and Shaheen Baghs are not the only faces. I'm feeling optimist for an hour, so I'll settle for this right now.",shaheen bagh,Against,For
"Haldwani protest could be Shaheen Bagh 2.0: Not just the roadblock but there are other parallels too. Here is what the drama is about

My article  https://t.co/JvTCqJj3Lg",shaheen bagh,Against,For
"Mother of 3 took her infant to Shaheen Bagh every day though he had a rasping cough &amp; cold. He died in his sleep. The father blames the govt, NRC &amp; CAA for the child's death, not his wife or himself for dragging an infant in bitter cold to the protest zone https://t.co/JKrMwk6MrS",shaheen bagh,Against,For
"Shaheen Bagh Template. Police Barricades Roads where Protests are not happening, and people blame Protestors. Next we will see Visuals of Ambulance stuck in a Barricaded road and Farmers will be blamed even though they are protesting far far away https://t.co/nSPCerXJyx",shaheen bagh,For,For
"As the Ruling party inducts Shaheen Bagh protestors, maybe activists who took part are owed an apology from those who claimed the movement was ""anti national""? 
https://t.co/FFgjTBsZvb",shaheen bagh,For,For
"If @ArvindKejriwal fails to clear the Islamist mess of #ShaheenBagh before the elections, will you still vote for him? 

Just reply NO or YES.",shaheen bagh,Against,Against
"#ShaheenBagh 's protestors send BJP IT Cell Head, @amitmalviya , a Rs 1 Cr defamation notice for casting aspersions on the protests through false allegations https://t.co/Dcuc3edjxm",shaheen bagh,Neutral,Neutral
"Irrespective of political leaning, I must applaud the women of Shaheen Bagh and their dedication to protest even after the Corona Virus panic.
More power to you all.
Peeche nahi hatna, aaj Corona se dar gaye toh kal Modi koi aur virus le ayega.
Hatna nahi hai.",shaheen bagh,For,For
"Watching #BatlaHouse. Had covered the encounter at L18. An encounter that resulted in the elimination of the Delhi module of #IndianMujahideen. Yet this politics over encounter.
Is there a pattern to these protests?
From Batla House to Art 370, CAA, Shaheen Bagh, Sharjeel Imam...",shaheen bagh,Against,For
"Delhi elections were a direct contest between @ArvindKejriwal &amp; @AmitShah. Kejriwal is responsible for the AAP sweep. Shah is responsible for BJP‚Äôs flop show. Nadda, Shaheen Bagh, Tiwari, Delhi police, Chaurasia and Chaudhary were all side shows. It is really as simple as that.",shaheen bagh,Neutral,For
"#ShaheenBagh perhaps the only place in India ushering in the new year with the national anthem. 

(Video courtesy @VakashaS ) https://t.co/yJFLeO02Gf",shaheen bagh,For,For
"#GunsInDelhi | The entire country has become Shaheen Bagh, I am with all the protesters. The BJP is scared: @warispathan- National Spokesperson, AIMIM
https://t.co/RZHKU3wOei",shaheen bagh,For,For
"This! Beautiful picture. #ShaheenBagh dadis bless @DelhiPolice officer (Please tag photographer)

This happened earlier today when delegation led by dadis met cops, sought permission to march to Home Minister‚Äôs Res to meet him

Cops assured them, their request will be taken ahead https://t.co/ESePVhcTzZ",shaheen bagh,For,For
"Shazia Ilmi, BJP spokesperson : The Opposition has no problem with anti encroachment drives elsewhere but Shaheen Bagh. 
#BulldozerInShaheenBagh
@shaziailmi 
@pradip103 
@IndiaNews_itv",shaheen bagh,Against,For
"Distances:

Tamil Nadu to Delhi - 2488 kms
Assam to Delhi - 2092 kms
Shaheen Bagh to Jantar Mantar - 15 kms

If poor farmers can come from Tamil Nadu and Assam to protest at Ramlila Maidan, why can‚Äôt Shaheen Bagh protestors go there?

Why this blackmail?",shaheen bagh,For,For
