source_row,tweet,tweet_label,subjects,subjects_scored,keyword,label_norm,matched keyword,stance ,stance reason
1519204,"Historian' &amp; promoter of 'Dismantling Global Hindutva' event denies link to ISI stooge Ghulam Nabi Fai but report puts spotlight on her Anti India, Pro Pak antecedents. Watch Pradeep Bhandari question the links.
 #PakAntiHinduPlot
 @pradip103
 @IndiaNews_itv
 @JMukadma https://t.co/A3bcqU7JCS",Pro Ruling,"['hindutva', 'pradip103', 'dismantling']","[{'text': 'hindutva', 'score': 0.6847}, {'text': 'pradip103', 'score': 0.255}, {'text': 'dismantling', 'score': 0.2279}]",hindutva,Pro Ruling,hindutva,For,"accuses historian who was promoting discourse on ""global hindutva"" of being anti-India and having links to ISI in Pakistan. "
857530,"BJP MP Rakesh Sinha fires a big charge on Rahul Gandhi on Pradeep Bhandari's show JANTA KA MUKADMA. Rakesh Sinha says Congress can even incite communal riots for power in Uttar Pradesh.
 #RahulBacksKhurshid
 #Hindutva
 @RakeshSinha01 
 @pradip103 
 @IndiaNews_itv 
 @JMukadma https://t.co/eUyTktkKUw",Pro Ruling,"['hindutva', 'charge', 'fires']","[{'text': 'hindutva', 'score': 0.5226}, {'text': 'charge', 'score': 0.327}, {'text': 'fires', 'score': 0.2495}]",hindutva,Pro Ruling,hindutva,Neutral ,"no stance taken on Hindutva, only on Congress. "
455614,When Sangh says Hindusthan is Hindu Rashtra it does not have any political or power centered concept in its mind. Hindutva is the essence of this Rashtra‚Äôs ‚ÄòSwa‚Äô(self-hood). We are plainly acknowledging the selfhood of the country as Hindu. #RSSVijayaDashami https://t.co/FICQ45P28v,Pro Ruling,"['hindusthan', 'selfhood', 'power']","[{'text': 'hindusthan', 'score': 0.7496}, {'text': 'selfhood', 'score': 0.2717}, {'text': 'power', 'score': 0.1144}]",hindutva,Pro Ruling,hindutva,For ,"Claims that Hindutva only claims that the selfhood of india is Hindu, not that it wants a full power centered concept of State."
1491362,The Hindus burnt their own homes and attacked themselves :-) Also the reason why the liberal jamaat is quiet. This way the CM and his men are making Telangana fertile ground for Hindutva. https://t.co/TKhgR1Cy9q,Pro Ruling,"['hindus', 'burnt', 'liberal']","[{'text': 'hindus', 'score': 0.6285}, {'text': 'burnt', 'score': 0.3072}, {'text': 'liberal', 'score': 0.2379}]",hindutva,Pro Ruling,hindutva,Against ,concerned that Hindus are spreading false narratives and CM is making Telangana fertile ground for Hindutva to rise. 
2905076,"Video is viral with the caption that a Dalit girl was beaten &amp; tortured by Hindutva goons for bathing in river in UP. That's fake news.
 
 Fact: This old video is related to conflict in tribal family. Both accused &amp; victims are tribal family members. Incident reported in MP in 2021 https://t.co/rZFJ4tTh34",Pro Ruling,"['hindutva', 'victims', 'river']","[{'text': 'hindutva', 'score': 0.5238}, {'text': 'victims', 'score': 0.4179}, {'text': 'river', 'score': 0.1964}]",hindutva,Pro Ruling,hindutva,For ,Claiming that there is a video going around spreading fake news that Hindutva was violent towards a Dalit girl. 
966871,"""Hindutva kills Sikhs &amp; Muslims‚Äù says Rahul Gandhi, but can he tell us what killed Sanjith?'
 
 Read here: https://t.co/7ocWLef8EG
 
 My latest blog for TOI digital. Do share your views.",Pro Ruling,"['hindutva', 'killed', 'digital']","[{'text': 'hindutva', 'score': 0.5315}, {'text': 'killed', 'score': 0.4883}, {'text': 'digital', 'score': 0.0489}]",hindutva,Pro Ruling,hindutva,For ,turns question on Hindutva killing Sikhs on Congress instead. 
759784,"Rana Pratap and his ancestors were LOOTERS who faced consequences. Rani Durgavati deserved death' - This was propagated by Rajiv Gandhi govt
 
 (Discovery of India doesn't have this reference)
 
 Is this what @RahulGandhi means by Hinduism vs Hindutva?
 
 https://t.co/sBYEv0mc7Q",Pro Ruling,"['hindutva', 'deserved', 'propagated']","[{'text': 'hindutva', 'score': 0.7057}, {'text': 'deserved', 'score': 0.3112}, {'text': 'propagated', 'score': 0.1579}]",hindutva,Pro Ruling,hindutva,For ,tries to expose Rahul Gandhi's propoganda against Hinduism and Hindutva. 
1835362,"Hindus defending their religion and culture from aggression are often smeared as Hindutva. This plays right into the hands of those Muslims who wish to see Hinduism &amp; other religions destroyed, by allowing them to claim falsely that they're attacking only Hindutva, not Hinduism.",Pro Ruling,"['hinduism', 'attacking', 'falsely']","[{'text': 'hinduism', 'score': 0.6409}, {'text': 'attacking', 'score': 0.4056}, {'text': 'falsely', 'score': 0.2327}]",hindutva,Pro Ruling,hindutva,For ,claims that an attack on Hindutva is also an attack on simple hindus defending their religion. 
1096803,"Dear @narendramodi ji,
 
 Since last 7 years, 
 I've quit all my works to serve the party.
 I'm your biggest fan.
 But today,
 for criticizing Karnataka state BJP president &amp; supporting 4 Hindutvawadi youths,
 our own leaders held a press conference &amp; called me a Congress agent. (1/2)",Pro Ruling,"['narendramodi', 'congress', 'quit']","[{'text': 'narendramodi', 'score': 0.5991}, {'text': 'congress', 'score': 0.3968}, {'text': 'quit', 'score': 0.3644}]",hindutva,Pro Ruling,hindutva,Neutral ,no stance taken on Hindutva
647300,"Columnist with Shekhar Gupta‚Äôs The Print spreads fake news claiming that Hindutva radicals destroyed a Muslim graveyard
 
 https://t.co/7kDl81fvf2",Pro Ruling,"['muslim', 'destroyed', 'radicals']","[{'text': 'muslim', 'score': 0.5187}, {'text': 'destroyed', 'score': 0.3159}, {'text': 'radicals', 'score': 0.2948}]",hindutva,Pro Ruling,hindutva,For ,claiming that there is a video spreading fake news about Hindutva. 
1333088,"Why ‚ÄòDismantling Global Hindutva‚Äô is a xenophobic event with lies at its core
 https://t.co/QkYmNhJ4vp
 
 By @abhijitmajumder",Pro Ruling,"['hindutva', 'xenophobic', 'dismantling']","[{'text': 'hindutva', 'score': 0.6314}, {'text': 'xenophobic', 'score': 0.5596}, {'text': 'dismantling', 'score': 0.3632}]",hindutva,Pro Ruling,hindutva,For ,says that dismantling global hindutva is xenophobic. 
1233133,"Nandigram has 70% Hindu &amp; 30% MŒºslims.
 
 Any other politician would have appeased MŒºslims.
 
 But Suvendu Adhikari candidly said ""No, I dont want a single vote from 30%. I want Hindu vote"".And he won.
 
 The biggest plus of BJP is the emergence of this gutsy, unabashed Hindutva leader",Pro Ruling,"['hindutva', 'vote', 'unabashed']","[{'text': 'hindutva', 'score': 0.4915}, {'text': 'vote', 'score': 0.4738}, {'text': 'unabashed', 'score': 0.1712}]",hindutva,Pro Ruling,hindutva,For ,calls a BJP leader gutsy and takes pride in him not appeasing to Muslims. 
2452124,"He was the first to endorse Modi.
 Then shifted. 
 Then became blatant anti-Modi.
 In 2019, flipped flopped on all sides. Even behaved like a Pawar lackey. 
 Now back with Hindutva.
 
 Trusting anyone with the Thackeray surname is difficult for me.
 
 You can. Nacho.",Pro Ruling,"['thackeray', 'hindutva', 'trusting']","[{'text': 'thackeray', 'score': 0.3284}, {'text': 'hindutva', 'score': 0.3018}, {'text': 'trusting', 'score': 0.1051}]",hindutva,Pro Ruling,hindutva,Neutral ,no stance taken on Hindutva 
1333089,True. Hindutva is Hinduism that resists! That‚Äôs it. That‚Äôs the tweet. https://t.co/tUh3xFo16t,Pro Ruling,"['hinduism', 'tweet', 'resists']","[{'text': 'hinduism', 'score': 0.6646}, {'text': 'tweet', 'score': 0.4049}, {'text': 'resists', 'score': 0.1968}]",hindutva,Pro Ruling,hindutva,For ,"says that hinduism that resists is Hindutva, nothing else. "
1214388,"How NYT turned ‚ÄòTauseef‚Äô threatening Hindutvavadis and scamming people into a ‚ÄúHindutvavadi conspiracy‚Äù to shield Nidhi Razdan
 
 https://t.co/xocnZScsmq",Pro Ruling,"['hindutvavadi', 'scamming', 'turned']","[{'text': 'hindutvavadi', 'score': 0.5067}, {'text': 'scamming', 'score': 0.3701}, {'text': 'turned', 'score': 0.1997}]",hindutva,Pro Ruling,hindutva,For ,claiming that NYT is scamming people to believe that hindutva is spreading a conspiracy. 
372,"On #BalThackeray Jayanti, who do you feel is ideal to carry forward his Hindutva legacy - his son or his nephew or Modiji ?",Pro Ruling,"['hindutva', 'nephew', 'carry']","[{'text': 'hindutva', 'score': 0.5903}, {'text': 'nephew', 'score': 0.3002}, {'text': 'carry', 'score': 0.1735}]",hindutva,Pro Ruling,hindutva,Neutral ,no stance on hindutva 
365814,For long I have believed (and still largely believe) that anti-Hindutva forces are driven by pure hatred and not money. But such really low brow activity makes me wonder if 2 rs per tweet is actually the rate they get https://t.co/c4N8EXjfBp,Pro Ruling,"['hindutva', 'rate', 'tweet']","[{'text': 'hindutva', 'score': 0.4058}, {'text': 'rate', 'score': 0.3294}, {'text': 'tweet', 'score': 0.3172}]",hindutva,Pro Ruling,hindutva,For,says that anti-hindutva forces are driven purely by hatred. 
1308213,There is no religious bias in national English media. It's only a Hindutva conspiracy theory https://t.co/ZWdQVPk5jh,Pro Ruling,"['hindutva', 'media', 'theory']","[{'text': 'hindutva', 'score': 0.4517}, {'text': 'media', 'score': 0.3918}, {'text': 'theory', 'score': 0.1822}]",hindutva,Pro Ruling,hindutva,Against ,claims that english media is free of bias and hindutva is spreading a conspiracy. 
1407532,"Hind, Hindu, Hindutva! https://t.co/TrU7O9YNPl",Pro Ruling,"['hindutva', 'hindu', 'hind']","[{'text': 'hindutva', 'score': 0.804}, {'text': 'hindu', 'score': 0.7915}, {'text': 'hind', 'score': 0.3765}]",hindutva,Pro Ruling,hindutva,For ,"shows that hind, hindu and hindutva all constitute the same thing. tone signifies pride. "
2022967,"Despite making alliance with #Islamist AIMIM, the so-called Hindutva party Shiv Sena lost the second #RajyaSabha Seat. 
 
 #RajyaSabhaElections2022",Pro Ruling,"['hindutva', 'elections', 'seat']","[{'text': 'hindutva', 'score': 0.4324}, {'text': 'elections', 'score': 0.3773}, {'text': 'seat', 'score': 0.2422}]",hindutva,Pro Ruling,hindutva,Neutral ,no stance on hindutva 
1645205,"If Hindutva is a global threat, as some are proposing, please show us the countries suffering from Hindu originated terrorism, Hindu based criminal activities, or Hindu violence and subversion of any type. On the contrary, Hindus are everywhere among the most peaceful groups.",Pro Ruling,"['hindutva', 'threat', 'countries']","[{'text': 'hindutva', 'score': 0.5462}, {'text': 'threat', 'score': 0.3893}, {'text': 'countries', 'score': 0.2646}]",hindutva,Pro Ruling,hindutva,For ,denies the claim that Hindutva is a global threat. 
2177859,"‚ÄúHindutva for the Changing Times‚Äù, book written by Shri @kumarnandaj will be released on 28th May at Constitution Club at 4 pm. https://t.co/FbO7Ig7kRr",Pro Ruling,"['book', 'hindutva', 'club']","[{'text': 'book', 'score': 0.445}, {'text': 'hindutva', 'score': 0.4385}, {'text': 'club', 'score': 0.1867}]",hindutva,Pro Ruling,hindutva,Neutral ,"no stance on hindutva, only news being delivered. "
750404,"5. Beware my Hindu brother, This is part of the dirty game of Congress. They are following their toolkit 'Hindu Vs Hindutva!'",Pro Ruling,"['hindutva', 'congress', 'beware']","[{'text': 'hindutva', 'score': 0.6139}, {'text': 'congress', 'score': 0.5112}, {'text': 'beware', 'score': 0.2743}]",hindutva,Pro Ruling,hindutva,For ,claiming that there is no hindu vs hindutva and its just dirty politics by congress.
387460,"If we work to raise the general level of consciousness of a common man and nurture the intrinsic spirit of oneness with Hindutva as the guiding force, then in the near future Bharatvarsh will emerge as the torchbearer for the rest of the world. #RSSVijayaDashami",Pro Ruling,"['hindutva', 'torchbearer', 'level']","[{'text': 'hindutva', 'score': 0.5985}, {'text': 'torchbearer', 'score': 0.308}, {'text': 'level', 'score': 0.2546}]",hindutva,Pro Ruling,hindutva,For ,claims that hindutva encompasses a spirit on oneness. 
2314442,Hindutva is the oldest religion in the world and the most peaceful. Pass it on.,Pro Ruling,"['hindutva', 'oldest', 'peaceful']","[{'text': 'hindutva', 'score': 0.6203}, {'text': 'oldest', 'score': 0.4058}, {'text': 'peaceful', 'score': 0.3517}]",hindutva,Pro Ruling,hindutva,For ,claims that hindutva is the oldest and most peaceful religion in the world. 
1486359,"Modi comes from Gujarat which has seen highest number of commœÖnal rŒπŒøœÑs in post indepence era.
 
 He doesn't need to learn Hindutva from someone like Yati or anyone else on Twitter.",Pro Ruling,"['hindutva', 'highest', 'indepence']","[{'text': 'hindutva', 'score': 0.5901}, {'text': 'highest', 'score': 0.1688}, {'text': 'indepence', 'score': 0.0947}]",hindutva,Pro Ruling,hindutva,Against ,subtle undertone that hindutva leads to communal riots. 
1747250,"Expecting these headlines from 'secular' media: 
 No communal angle, say police
 Hindutva activists raise provocative slogans in Mangolpuri, minorities in fear
 How social media communalised Rinku's death
 - All this will be done by ignoring what victim family has to say",Pro Ruling,"['hindutva', 'media', 'fear']","[{'text': 'hindutva', 'score': 0.4388}, {'text': 'media', 'score': 0.4042}, {'text': 'fear', 'score': 0.2698}]",hindutva,Pro Ruling,hindutva,For ,subtly shows that media always targets hindutva by saying they raise provocative slogans. 
2149930,"Hindutva is meant as a shield against those who weaponise the innocence of Hindus and because they needed to weaponise the innocence of Hindus, Hindutva had to be tarnished by the Ummah and the Global Left Conglomerate. We watched it happen. We documented it.",Pro Ruling,"['hindutva', 'shield', 'innocence']","[{'text': 'hindutva', 'score': 0.6411}, {'text': 'shield', 'score': 0.2741}, {'text': 'innocence', 'score': 0.2364}]",hindutva,Pro Ruling,hindutva,For ,claims that hindutva is a shield for innocent hindus who need protecting. 
2477759,"Today we are proud of our leader @Dev_Fadnavis ji 
 
 He has always followed the path shown by PM @narendramodi ji &amp; as a true Sevak of Maharashtra &amp; Hindutva he has shown that for him &amp; BJP it is always 
 
 Siddhant above Satta 
 Hindutva above Hit 
 Country/state above self https://t.co/48xoHzKdX5",Pro Ruling,"['narendramodi', 'proud', 'path']","[{'text': 'narendramodi', 'score': 0.6075}, {'text': 'proud', 'score': 0.4561}, {'text': 'path', 'score': 0.1988}]",hindutva,Pro Ruling,hindutva,For ,hindutva put at same level as country. 
2656504,"MusIims in UK led by Shakeel Afsar disrupt screening of #TheKeralaStory He calls tivket paying viewers peacefully watching the film as ""Hindutva, BJP, RSS"" (as if being that is wrong ü§∑‚Äç‚ôÄÔ∏è) and bullies that the film be stopped. https://t.co/ZgY5QgSlMc",Pro Ruling,"['viewers', 'hindutva', 'bullies']","[{'text': 'viewers', 'score': 0.495}, {'text': 'hindutva', 'score': 0.37}, {'text': 'bullies', 'score': 0.1597}]",hindutva,Pro Ruling,hindutva,For ,claims there is nothing wrong with being Hindutva.
262989,"So Pappu whose party talks about Hindutva terrorist for even one small incident changes the whole narrative when asked about a particular community attacking Health workers and doctor. Secularism ki aadd me kuch bhi bakchodi kar raha hai.
 Even Condemn tak nahi kiya ek incident ko https://t.co/0aj3MFRXbH",Pro Ruling,"['hindutva', 'doctor', 'workers']","[{'text': 'hindutva', 'score': 0.4713}, {'text': 'doctor', 'score': 0.2058}, {'text': 'workers', 'score': 0.1394}]",hindutva,Pro Ruling,hindutva,neutral ,no stance taken on hindutva. 
2535215,"Reading ‚ÄúHindutva- For the Changing Time‚Äù by respected Shri J Nandakumar Ji.
 A must read book for all nationalists who love Bharat‚Äôs sanatan dharma,culture,history and civilisation. 
 @kumarnandaj Thanks You Sirüôè https://t.co/XF0bqU4Ump",Pro Ruling,"['hindutva', 'nationalists', 'book']","[{'text': 'hindutva', 'score': 0.6455}, {'text': 'nationalists', 'score': 0.4618}, {'text': 'book', 'score': 0.4043}]",hindutva,Pro Ruling,hindutva,For ,encourages citizens to read a book on Hindutva. especially those who love india'a culture and history. 
1682727,"Political analyst Vijay Patel questions senior CPI(M) leader Suneet Chopra on Pradeep Bhandari's show #JantaKaMukadma, asks him factual questions on 'Hindutva' &amp; the lobby's attempts to link it to terror.
 @pradip103 @vijaygajera @IndiaNews_itv @JMukadma #PakAntiHinduPlot https://t.co/EeBGqvC9Za",Pro Ruling,"['indianews_itv', 'leader', 'plot']","[{'text': 'indianews_itv', 'score': 0.4854}, {'text': 'leader', 'score': 0.2546}, {'text': 'plot', 'score': 0.2518}]",hindutva,Pro Ruling,hindutva,Neutral ,no stance taken on hindutva. 
828680,"Dismantling Global Hindutva conference has backfired badly.
 
 First time, Hindus have put up organized opposition.
 
 As a result, word ""Hinduphobia"" has gone mainstream.
 
 The more liberals deny it, more people will believe it.
 
 Till now, it was all one sided.",Pro Ruling,"['hinduphobia', 'conference', 'backfired']","[{'text': 'hinduphobia', 'score': 0.6554}, {'text': 'conference', 'score': 0.2683}, {'text': 'backfired', 'score': 0.2341}]",hindutva,Pro Ruling,hindutva,For ,shows pride in how dismantling global hindutva has backfired as hindus actually support it. 
2467212,"This billboard is in New Jersey, USA. For Biden Administration &amp; Democrats to recognize Hinduphobia. Stop bigotry against Hindu Americans. Hindus must be brave and stand against the false narrative that Hindutva is political agenda. NO, Hindutva is Hinduism, plain and simple. https://t.co/jPTnQeli3N",Pro Ruling,"['hinduphobia', 'billboard', 'democrats']","[{'text': 'hinduphobia', 'score': 0.5772}, {'text': 'billboard', 'score': 0.5009}, {'text': 'democrats', 'score': 0.3653}]",hindutva,Pro Ruling,hindutva,For ,claims hinduism and hindutva are the same thing and that hindus should recognise this and stand up to hinduphobia. 
1829161,"For last 8 years, global liberal ecosystem has directed hatred against Hindus
 
 I am afraid the attack on the temple in Leicester is likely just a beginning
 
 This is what those ""Dismantle Hindutva"" conferences etc were about.",Pro Ruling,"['hindutva', 'dismantle', 'conferences']","[{'text': 'hindutva', 'score': 0.5065}, {'text': 'dismantle', 'score': 0.2427}, {'text': 'conferences', 'score': 0.1753}]",hindutva,Pro Ruling,hindutva,For ,"claims that ""dismantly hindutva"" is meant to spread hatred against hindus. "
2176337,"‚ÄúIf you are under attack at foreign soil, some ppl will blabber Hindutva/RSS/BJP to gain political score, but won‚Äôt stand by you‚Äù
 
 This is harsh reality of our times; @AskAnshul brilliantly rebutted @tehseenp. 
 
 https://t.co/JC6WO8UetV",Pro Ruling,"['political', 'hindutva', 'soil']","[{'text': 'political', 'score': 0.4889}, {'text': 'hindutva', 'score': 0.4671}, {'text': 'soil', 'score': 0.2106}]",hindutva,Pro Ruling,hindutva,For ,shows that saying hindutva gains political score. 
2193858,"3 years ago, Uddhav cheated &amp; formed alliance with Congress
 
 He backstabbed Hindutva and so his Govt crumbled last month
 
 But now, he has decided to support NDA's Draupadi Murmu in upcoming presidential elections
 
 Finally he realised he is just a 'paper tiger'",Pro Ruling,"['uddhav', 'cheated', 'congress']","[{'text': 'uddhav', 'score': 0.4836}, {'text': 'cheated', 'score': 0.3565}, {'text': 'congress', 'score': 0.2254}]",hindutva,Pro Ruling,hindutva,For ,"calls out politician for ""backstabbing hindutva"". "
1478162,"BJP leaders getting beaten/kiIIed in Kerala,West Bengal,Punjab etc non BJP ruled state.
 
 Complete silence
 
 Just touch a thief in any BJP ruled state &amp; boom - Hindutva te‚Çπrorism, failed govt,intolerance, dictatorship, emergency, lahsoon etc will start trending..",Pro Ruling,"['hindutva', 'dictatorship', 'trending']","[{'text': 'hindutva', 'score': 0.5302}, {'text': 'dictatorship', 'score': 0.408}, {'text': 'trending', 'score': 0.2199}]",hindutva,Pro Ruling,hindutva,For ,"implies that there is discrimination towards bjp leaders. that whenever they are attacked, no one bats an eye. but in a bjp ruled state, if any violence occurs, hindutva terrorism is brought up. "
753701,"Yes. I am an educated, outspoken, independent woman and I believe in Hindutva. Hindutva is simply being assertive about Hindu Dharma. That‚Äôs it. That‚Äôs the tweet. If YOU don‚Äôt like it, that‚Äôs your effing problem.",Pro Ruling,"['hindutva', 'outspoken', 'tweet']","[{'text': 'hindutva', 'score': 0.6297}, {'text': 'outspoken', 'score': 0.309}, {'text': 'tweet', 'score': 0.3001}]",hindutva,Pro Ruling,hindutva,For ,shows how educated and independent women believe in hindutva as it brings forth hindu dharma. 
1992856,"Thread:
 How so called liberals and pseudo intellectuals are building narrative against Hindu/Hindutva and giving judgement of long before investigation.
 pic1,2,3- blamed RSS/Hindutva/Gharwapsi for Ranaghat Nun Rape case.
 Pic4- Accused were Bangladeshi Muslims.
 @ranaayyub https://t.co/fRSS9Bibx9",Pro Ruling,"['hindutva', 'liberals', 'blamed']","[{'text': 'hindutva', 'score': 0.5529}, {'text': 'liberals', 'score': 0.4035}, {'text': 'blamed', 'score': 0.392}]",hindutva,Pro Ruling,hindutva,For ,hindu/hindutva seen as same. 
1739176,"If you think that Dismantling Hindutva Conference or increasingly vocal groups based out of US and elsewhere are all splinter groups then, you are wrong: there is a a method to this madness- RSS and Hindutva word is being used by @RahulGandhi &amp; his Pakistani allies @ every stage https://t.co/RArKWMQ8ex",Pro Ruling,"['hindutva', 'dismantling', 'conference']","[{'text': 'hindutva', 'score': 0.5495}, {'text': 'dismantling', 'score': 0.3176}, {'text': 'conference', 'score': 0.2604}]",hindutva,Pro Ruling,hindutva,neutral ,no stance taken on hindutva. 
2448693,"Uddhav Thackeray was so angry with Eknath Shinde post the release of Dharmveer movie that after 5 days of it release, he ordered some climax change.
 
 (See the difference in this &amp; above video)
 
 Eknath Shinde was their when Late Anand Dighe Gave Baton Of Hindutva to Raj Thackeray. https://t.co/APvR93J02X",Pro Ruling,"['hindutva', 'thackeray', 'difference']","[{'text': 'hindutva', 'score': 0.4658}, {'text': 'thackeray', 'score': 0.4132}, {'text': 'difference', 'score': 0.2047}]",hindutva,Pro Ruling,hindutva,neutral ,no stance taken on hindutva. 
414900,"How Can Educated Urban Hindus Come Closer To Hindutva?
 
 https://t.co/kchJtug4Kx",Pro Ruling,"['hindutva', 'urban', 'closer']","[{'text': 'hindutva', 'score': 0.6645}, {'text': 'urban', 'score': 0.385}, {'text': 'closer', 'score': 0.3546}]",hindutva,Pro Ruling,hindutva,For ,suggests that educated urban hindus should come closer to hindutva. 
330580,"From Sabarimala and Ayodhya to Kerala and Bengal, RSS ideologue‚Äôs new book is an FAQ on #Hindutva
 https://t.co/dfy2ArFElh",Pro Ruling,"['hindutva', 'rss', 'book']","[{'text': 'hindutva', 'score': 0.7335}, {'text': 'rss', 'score': 0.536}, {'text': 'book', 'score': 0.38}]",hindutva,Pro Ruling,hindutva,neutral ,no stance taken on hindutva. 
1742738,"UT is Bill Gates and Hindutva is Windows. Releasing new versions with new updates, patches and features.. https://t.co/a6sbztHxen",Pro Ruling,"['updates', 'hindutva', 'gates']","[{'text': 'updates', 'score': 0.4743}, {'text': 'hindutva', 'score': 0.3555}, {'text': 'gates', 'score': 0.1693}]",hindutva,Pro Ruling,hindutva,neutral ,no stance taken on hindutva. 
1908956,I respect Islam to the same extent that a Muslim respects Hindutva.,Pro Ruling,"['muslim', 'respect', 'hindutva']","[{'text': 'muslim', 'score': 0.6319}, {'text': 'respect', 'score': 0.411}, {'text': 'hindutva', 'score': 0.3739}]",hindutva,Pro Ruling,hindutva,For ,shows that muslims dont respect hindutva and hence hindus shouldnt respect islam. 
2093024,"Bajrang Dal is the front line warrior of Hindutva.... 
 You can mock them, mak fun of them, hate them but you can't change the fact that if any j!hadi try to touch you for being a Hindu, they'll be standing infront of you..
 
 #IsuppprtBajrangDal",Pro Ruling,"['hindu', 'hate', 'touch']","[{'text': 'hindu', 'score': 0.6323}, {'text': 'hate', 'score': 0.2612}, {'text': 'touch', 'score': 0.1183}]",hindutva,Pro Ruling,hindutva,For ,"calls politician a ""warrior of hindutva"" and claims that they will always stand against jihadis and protect us. "
1469607,"Rahul Gandhi's remark is condemnable &amp; deserves criticism. Elections will come &amp; go, he should immediately apologize to PM Modi: Deputy UP CM Dr. Dinesh Sharma, on Congress leader Rahul Gandhi's 'Hindutvavadi' remark on PM Modi https://t.co/CJNNtqre8s",Pro Ruling,"['apologize', 'hindutvavadi', 'elections']","[{'text': 'apologize', 'score': 0.4669}, {'text': 'hindutvavadi', 'score': 0.4241}, {'text': 'elections', 'score': 0.2437}]",hindutva,Pro Ruling,hindutva,For ,"strongly condemns Rahul Gandhi for twisting hindutva into a word that sounds like ""atankwadi"" which means terrorist in english. "
1350207,"When International Cartel has realized that their old trick to divide Hindus based on caste is not getting results as per their expectations, they came with a new theory Hindu vs Hindutva.
 
 They want to divide Hindus anyhow!",Pro Ruling,"['hindus', 'divide', 'expectations']","[{'text': 'hindus', 'score': 0.5899}, {'text': 'divide', 'score': 0.3474}, {'text': 'expectations', 'score': 0.0753}]",hindutva,Pro Ruling,hindutva,For ,"shows that in order to divide hindus, the international cartel is trying to draw a difference between hindu and hindutva. "
914969,"Acha Hindu Hindutva definition ke alag alag interpretations ho sakte hain, par agar ek general knowledge savaal poocho, New Year‚Äôs Eve par kaun neta videsh jayega, javab shayad ek hi hoga. üòÄ
 Sundayhaijushzoking üôä",Pro Ruling,"['hindutva', 'sundayhaijushzoking', 'jayega']","[{'text': 'hindutva', 'score': 0.749}, {'text': 'sundayhaijushzoking', 'score': 0.3458}, {'text': 'jayega', 'score': 0.2126}]",hindutva,Pro Ruling,hindutva,For ,suggests that hindu and hindutva in the end mean the same thing as PM modi is both. 
1035635,"Congress has a new toolkit.
 
 The local version of international propaganda Hinduism vs Hindutva! https://t.co/i0pJLRwpqN",Pro Ruling,"['hinduism', 'congress', 'propaganda']","[{'text': 'hinduism', 'score': 0.5618}, {'text': 'congress', 'score': 0.5019}, {'text': 'propaganda', 'score': 0.4994}]",hindutva,Pro Ruling,hindutva,For ,claims that drawing a difference between hinduism and hindutva is actually part of congress' new propoganda toolkit. 
1826144,"Yeah, who decides what is Hinduism, who decides who is Hindu? This great open liberal mindset is where Islamists and Catholics are moving around claiming to be Hindus and running 'Hindus Against Hindutva', 'Hindus For Human Rights' &amp; shit and we are interested in winning debates. https://t.co/lfJtdTuNWd",Pro Ruling,"['hinduism', 'debates', 'open']","[{'text': 'hinduism', 'score': 0.574}, {'text': 'debates', 'score': 0.3055}, {'text': 'open', 'score': 0.0807}]",hindutva,Pro Ruling,hindutva,For ,hindu and hindutva seen as same and questioning how one gets to decide which is which. 
864279,"This reflects the true mindset of Congress; they try to legitimise the radical elements of ISIS by creating an artificial equivalence with Hindus: Gaurav Bhatia, National Spokesperson, BJP, on Salman Khurshid's provocative remark on Hindutva
 
 Watch here https://t.co/oefJxIhn1D https://t.co/RHh4IjcjEZ",Pro Ruling,"['isis', 'hindus', 'congress']","[{'text': 'isis', 'score': 0.5236}, {'text': 'hindus', 'score': 0.5048}, {'text': 'congress', 'score': 0.4144}]",hindutva,Pro Ruling,hindutva,For ,claims that drawing a difference between hinduism and hindutva is actually part of congress' new propoganda toolkit. 
302461,"1. Effigy of Lord Shri Ram was burnt in Punjab's Manawala on Dussehra
 
 No violence reported in any part of India. 2 arrested: Chandan Singh, Tarlok Singh.
 
 2. AMU students, who raised slogan of 'Hindutva ki kabar khudegi', now protesting against France because sentiments are hurt",Pro Ruling,"['hindutva', 'burnt', 'protesting']","[{'text': 'hindutva', 'score': 0.5596}, {'text': 'burnt', 'score': 0.4307}, {'text': 'protesting', 'score': 0.3412}]",hindutva,Pro Ruling,hindutva,Against ,shows how taking a dig at hindutva is more offensive than actual depictions of hindu gods being destroyed. 
1854033,"Saw video of a British Pakistani in #Leicester mocking reincarnation as belief of ""Hindutva goons"". Reincarnation-Moksha are believed by Hindus, Sikhs, Jains, Buddhists, not just by followers of any political group. These bigots give away their #kaafirhate and #HinduHate easily",Pro Ruling,"['hindutva', 'reincarnation', 'hate']","[{'text': 'hindutva', 'score': 0.5303}, {'text': 'reincarnation', 'score': 0.5126}, {'text': 'hate', 'score': 0.2256}]",hindutva,Pro Ruling,hindutva,For ,says there is a false narrative of equating hindutva goons to people simply worshipping. 
2018618,"‚ÄòKhuda ka Baanda‚Äô Mualana drugs a Hindu woman to ‚Äòtreat‚Äô her. He was caught red-handed by Hindu activists.
 
 Can‚Äôt wait for @aroonpurie‚Äôs media to write ‚ÄúTantrik attacked by Hindutva goons while treating a woman‚Äù. 
 
 https://t.co/5um6eV4pc7",Pro Ruling,"['hindutva', 'drugs', 'attacked']","[{'text': 'hindutva', 'score': 0.5949}, {'text': 'drugs', 'score': 0.4304}, {'text': 'attacked', 'score': 0.3558}]",hindutva,Pro Ruling,hindutva,For ,claims that hindus trying to protect their women are also labelled as hindutva goons which is false. suggests discrimination against hindutva. 
121617,"Hindutva = Knowledge is determined by Twitter Likes/Retweets
 
 Hindu Dharma = ü§£ü§£ü§£ü§£ü§£ü§£ü§£",Pro OPP,"['hindutva', 'retweets', 'knowledge']","[{'text': 'hindutva', 'score': 0.6379}, {'text': 'retweets', 'score': 0.4428}, {'text': 'knowledge', 'score': 0.4038}]",hindutva,Pro Opp,hindutva,Against ,mocks that hindutva's knowledge base is twitter. 
75306,Delhi CM @ArvindKejriwal is trying to imitate Modi‚Äôs politics. But who prefers a duplicate when original Hindutva icon is available? My respect of Kejriwal has gone done considerably after Delhi election and riots. Feel sorry for this well intended leader.,Pro OPP,"['delhi', 'imitate', 'election']","[{'text': 'delhi', 'score': 0.461}, {'text': 'imitate', 'score': 0.2893}, {'text': 'election', 'score': 0.2327}]",hindutva,Pro Opp,hindutva,Against ,"kejriwal no longer considered a ""well intended leader"" after duplicating hindutva icon modi's politics. "
2357789,"New report traces activities of US based #Hindutva groups &amp; finds from 2001-19, seven Sangh-affiliated groups spent $158.9 million on programming they sent to India
 
 These bigots live comfortably in the land of ‚Å¶@POTUS‚Å© &amp; fund Hindu radicals in India https://t.co/5v4dL1zzxw",Pro OPP,"['hindutva', 'million', 'radicals']","[{'text': 'hindutva', 'score': 0.5204}, {'text': 'million', 'score': 0.3888}, {'text': 'radicals', 'score': 0.227}]",hindutva,Pro Opp,hindutva,Against ,claims that Hindutva groups in US funding hindu radicals in india. calls them bigots. 
570877,"Where there is a cow, the Hindutva mob does not need to find any other reason to attack Muslims! https://t.co/kp5bQAxfyg via @TheClarionIndia",Pro OPP,"['muslims', 'cow', 'theclarionindia']","[{'text': 'muslims', 'score': 0.5836}, {'text': 'cow', 'score': 0.437}, {'text': 'theclarionindia', 'score': 0.26}]",hindutva,Pro Opp,hindutva,Against ,claims hindutva just needs a simple cow to attack muslims. 
390970,This Hindutva/Communal virus is worst than #COVID19 virus!,Pro OPP,"['virus', 'covid19', 'hindutva']","[{'text': 'virus', 'score': 0.6978}, {'text': 'covid19', 'score': 0.4496}, {'text': 'hindutva', 'score': 0.3164}]",hindutva,Pro Opp,hindutva,Against ,states that hindutva virus which also spreads communalism is worse than covid. 
1289168,"Hindutva turned out to be vain attempt by RSS/BJP to appropriate what liberal Hindus and Indians had created over 70 years since independence.
 
 And in doing so, they only diminished both Hindus and India turning a thriving liberal democracy into a Banana Republic.",Pro OPP,"['hindus', 'democracy', 'diminished']","[{'text': 'hindus', 'score': 0.6134}, {'text': 'democracy', 'score': 0.3208}, {'text': 'diminished', 'score': 0.1957}]",hindutva,Pro Opp,hindutva,Against ,"hindutva turning thriving democracy like india into a ""banana"" republic. "
2869316,Actor Chethan arrested for his objectionable tweet on Hindutva. #chethanahimsa https://t.co/4WrjUBosH5,Pro OPP,"['arrested', 'tweet', 'hindutva']","[{'text': 'arrested', 'score': 0.4854}, {'text': 'tweet', 'score': 0.3447}, {'text': 'hindutva', 'score': 0.3439}]",hindutva,Pro Opp,hindutva,neutral ,no stance on hindutva 
1348519,"Thread on a 3 day ""Dharm Sansad"" organised in Haridwar by Hindutva groups where explicit calls were given for Hindus to pick up arms against Muslims.
 #HaridwarGenocidalMeet
 
 Day 1, 17 Dec: Yati Narsinghanand said, ""swords won't be enough to kill Muslims. We need beater weapons."" https://t.co/MTL8u1H7F3",Pro OPP,"['muslims', 'beater', 'dec']","[{'text': 'muslims', 'score': 0.5684}, {'text': 'beater', 'score': 0.3154}, {'text': 'dec', 'score': 0.0538}]",hindutva,Pro Opp,hindutva,Against ,claims that hindutva organised for arms to be taken up against muslims in haridwar. 
837516,"Mahatma Gandhi - Hindu 
 Godse - Hindutvavaadi 
 
 üî•üî•üî•
 
 - @RahulGandhi",Pro OPP,"['hindutvavaadi', 'godse', 'mahatma']","[{'text': 'hindutvavaadi', 'score': 0.8389}, {'text': 'godse', 'score': 0.5542}, {'text': 'mahatma', 'score': 0.3002}]",hindutva,Pro Opp,hindutva,Against ,claims that the beloved Mahatma Gandhi's killer belonged to hindutva. 
63159,"Benefits of converting to Hindutva :
 1. You can break the law, officials will look the other way
 2. You can say anything, judges will not criticise you.
 3. Economics is what you say it is.
 4. History is what you say it is. 
 5. You will be rewarded for abusing smart people.",Pro OPP,"['hindutva', 'benefits', 'judges']","[{'text': 'hindutva', 'score': 0.5187}, {'text': 'benefits', 'score': 0.4524}, {'text': 'judges', 'score': 0.0779}]",hindutva,Pro Opp,hindutva,Against ,"mockingly shows how by converting to hindutva, one can break the law, spread hate and false information and also be rewarded for abuse. "
1983580,"BBC had exposed how the Delhi police indulged in 2020 Delhi riots and supported Hindutva groups in attacking the minorities.
 Are these policemen still in service? What action has the union Home Ministry taken against them?
 You know the answer :)
 https://t.co/na8Zwe2izJ",Pro OPP,"['policemen', 'hindutva', '2020']","[{'text': 'policemen', 'score': 0.6154}, {'text': 'hindutva', 'score': 0.2609}, {'text': '2020', 'score': 0.0257}]",hindutva,Pro Opp,hindutva,Against ,shows that hindutva attacks minorities. 
1807182,"üá∫üá∏ - I'm unemployed 
 
 üáÆüá≥ - I'm member of BJP youth wing, warrior of Akhand bharat, Defender of Hindutva.",Pro OPP,"['hindutva', 'unemployed', 'wing']","[{'text': 'hindutva', 'score': 0.5507}, {'text': 'unemployed', 'score': 0.3885}, {'text': 'wing', 'score': 0.2402}]",hindutva,Pro Opp,hindutva,Against ,sarcastically shows that being unemployed is the same as belonging to hindutva. 
1053927,"Hindu - Satyagrah 
 Hindutvavaadi - SATTAgrah 
 
 - @RahulGandhi",Pro OPP,"['hindutvavaadi', 'rahulgandhi', 'satyagrah']","[{'text': 'hindutvavaadi', 'score': 0.8257}, {'text': 'rahulgandhi', 'score': 0.7991}, {'text': 'satyagrah', 'score': 0.5714}]",hindutva,Pro Opp,hindutva,Against ,mockingly shows a difference between hindu and hindutva. 
554970,Nothing is so heinous that these Hindutva bigots can't do! https://t.co/Kleu78rcSH,Pro OPP,"['hindutva', 'heinous', 'nothing']","[{'text': 'hindutva', 'score': 0.5461}, {'text': 'heinous', 'score': 0.3734}, {'text': 'nothing', 'score': 0.2634}]",hindutva,Pro Opp,hindutva,Against ,claims that hindutva bigots can go to all ends of heinous crimes. 
390703,Delhi Riot was not a riot - it was an organized &amp; planned mass killing of Muslims by Hindutva Gang! https://t.co/x7tepym285 via @TheClarionIndia,Pro OPP,"['riot', 'muslims', 'theclarionindia']","[{'text': 'riot', 'score': 0.5943}, {'text': 'muslims', 'score': 0.4081}, {'text': 'theclarionindia', 'score': 0.2165}]",hindutva,Pro Opp,hindutva,Against ,claims that the delhi riots was an organised and planned killing of muslims by hindutva. 
2356891,"There are now those in the Congress who recommend going the Hindutva way, others either the socialist or the capitalist way, and yet others who warn against berating Modi, as Khurshid does. | Badri Raina
 https://t.co/5YymrSxy4t",Pro OPP,"['hindutva', 'socialist', 'warn']","[{'text': 'hindutva', 'score': 0.4869}, {'text': 'socialist', 'score': 0.4227}, {'text': 'warn', 'score': 0.2542}]",hindutva,Pro Opp,hindutva,neutral ,no stance on hindutva 
2315876,"In defining #Hindutva a different side of the coin emerged today. 
 
 When we thought all that existed was Modi-Yogi-Shah, we witnessed the revelation of @OfficeofUT both honourable &amp; a rockstar. 
 
 #Maharashtra was blessed have you guide us through the pandemic #UddhavThackeray üôèüèª https://t.co/yN3O71i6ru",Pro OPP,"['hindutva', 'coin', 'pandemic']","[{'text': 'hindutva', 'score': 0.6757}, {'text': 'coin', 'score': 0.3142}, {'text': 'pandemic', 'score': 0.2072}]",hindutva,Pro Opp,hindutva,For ,"shows support for udhhav thackeray, hindutva supporter. "
1290246,"‚ÄúThe fact is that Modi has been a failure as Prime Minister of India. He may have been a success as a Hindutva icon, as a representative of the BJP, as a member of the RSS. He has indeed increased sectarian hatred and violence.‚Äù
 
 https://t.co/1v9cBGGkbZ
 
 @ranjona states the facts",Pro OPP,"['hindutva', 'minister', 'failure']","[{'text': 'hindutva', 'score': 0.4248}, {'text': 'minister', 'score': 0.3781}, {'text': 'failure', 'score': 0.2748}]",hindutva,Pro Opp,hindutva,Against ,shows that modi and hindutva have failed the nation by spreading sectarian hatred and violence. 
306565,"Minimum wage in India = 176 INR/day
 Aid for 21 day lockdown = 500 INR 
 Hindutva Economics is brilliant üôè",Pro OPP,"['india', 'wage', 'lockdown']","[{'text': 'india', 'score': 0.5507}, {'text': 'wage', 'score': 0.5218}, {'text': 'lockdown', 'score': 0.158}]",hindutva,Pro Opp,hindutva,Against ,shows how hindutva doesnt know basic economics and is not giving minimum wage labourers their proper dues during lockdown. 
203163,"Hindu woman = I will wear bindi, gajra to office.
 
 Atheist/Secular/Liberal/Marxist = Ugh, Brahmanical backward fancy dress 
 
 Muslim woman = I will wear Hijab to office
 
 Atheist/Secular/Liberal/Marxist = You have that Right 
 
 Me = Now you know the source of Hindutva rage",Pro OPP,"['hindu', 'atheist', 'office']","[{'text': 'hindu', 'score': 0.5513}, {'text': 'atheist', 'score': 0.3352}, {'text': 'office', 'score': 0.1014}]",hindutva,Pro Opp,hindutva,For ,shows that hindutva rage is fueld by discrimination towards hindu customs by liberals and marxists. 
2894030,"This is from Sasaram, Bihar.
 
 Sajjad is a poor Muslim man, his house was looted and burnt by Hindutva mob during Ram Navami violence. 
 
 https://t.co/BISjlS43E4",Pro OPP,"['sasaram', 'muslim', 'looted']","[{'text': 'sasaram', 'score': 0.5862}, {'text': 'muslim', 'score': 0.4643}, {'text': 'looted', 'score': 0.4144}]",hindutva,Pro Opp,hindutva,Against ,shows how hindutva loot and abuse poor muslims. 
426426,Shiv Sena Will Wield Sword Of Hindutva Whenever Country Needs: Sanjay Raut https://t.co/sHw4eQm1aH https://t.co/9Smg6aO2MC,Pro OPP,"['hindutva', 'sword', 'whenever']","[{'text': 'hindutva', 'score': 0.6475}, {'text': 'sword', 'score': 0.5677}, {'text': 'whenever', 'score': 0.0963}]",hindutva,Pro Opp,hindutva,For ,"""sword of hindutva"" like its for warriors. ""whenever country needs"" like its meant to save it. "
726876,"Today marks the anniversary of Mahatma Gandhi‚Äôs assassination by Hindutva terrorist Godse. His ilk &amp; followers now run the country.
 
 Today we must again ask - who assassinated Gauri Lankesh, Dr. Dabholkar, Govind Pansare, &amp; MM Kalburgi? 
 
 And who is protecting the perpetrators?",Pro OPP,"['assassinated', 'hindutva', 'anniversary']","[{'text': 'assassinated', 'score': 0.5279}, {'text': 'hindutva', 'score': 0.4761}, {'text': 'anniversary', 'score': 0.3681}]",hindutva,Pro Opp,hindutva,Against ,claims that the beloved Mahatma Gandhi's killer belonged to hindutva. 
1759151,"#EXCLUSIVE: Hateful content #toolkits, Hindutva propaganda, and manufacturing fake social media trends inside Kapil Mishra's 'Hindu Ecosystem' on @telegram. Report by @Memeghnad and @Shambanana 
 https://t.co/gGdjGJO48m",Pro OPP,"['hindutva', 'media', 'toolkits']","[{'text': 'hindutva', 'score': 0.5807}, {'text': 'media', 'score': 0.4122}, {'text': 'toolkits', 'score': 0.1701}]",hindutva,Pro Opp,hindutva,Against ,claims that hateful content is the toolkit for hindutva propoganda. 
2556691,"Clear Video of Hindutva Goons Pelting stone in #Jahangirpuri (Delhi)
 
 @DelhiPolice @CPDelhi kindly look into this video and identify them https://t.co/isydBiKpW3",Pro OPP,"['hindutva', 'stone', 'video']","[{'text': 'hindutva', 'score': 0.4825}, {'text': 'stone', 'score': 0.4659}, {'text': 'video', 'score': 0.4368}]",hindutva,Pro Opp,hindutva,Against ,shows evidence for hindutva goons pelting stones and conducting violence. 
222855,"Anti-Muslim hate speech on Indian Media. 
 
 A panelist said ""First of all Quran should be banned, because Quran is school of terrorism"" . 
 
 Hindutva Nazis and Indian media spew venom against Muslims but No action is taken against them. https://t.co/QopfV0lcSR",Pro OPP,"['muslims', 'banned', 'panelist']","[{'text': 'muslims', 'score': 0.581}, {'text': 'banned', 'score': 0.3272}, {'text': 'panelist', 'score': 0.1059}]",hindutva,Pro Opp,hindutva,Against ,"labels them as ""hindutva nazi"" and accuses them of spewing venom against muslims. "
1325456,"Hindutva means love for the nation. Balasaheb had said that we're citizens first, religion comes later. When we step out of houses by keeping religion at home, nation becomes our religion: Maharashtra Chief Minister Uddhav Thackeray
 
 (ANI) https://t.co/AuPgFWyfG2",Pro OPP,"['hindutva', 'thackeray', 'minister']","[{'text': 'hindutva', 'score': 0.7127}, {'text': 'thackeray', 'score': 0.1938}, {'text': 'minister', 'score': 0.1783}]",hindutva,Pro Opp,hindutva,For ,claims that hindutva means love for the nation. 
1331173,"Now Hindutva Nazis are targeting Irfan Pathan because he tweeted in support of #Palestine .
 
 Many verified RW trolls tweeting ""India stands with Israel"" meanwhile dead bodies of Indians are floating in rivers.
 
 #FreePalestine #PalestinianLivesMatter https://t.co/s7N8uheJlq",Pro OPP,"['palestinian', 'india', 'tweeting']","[{'text': 'palestinian', 'score': 0.5349}, {'text': 'india', 'score': 0.3398}, {'text': 'tweeting', 'score': 0.2379}]",hindutva,Pro Opp,hindutva,Against ,"""hindutva nazis"""
32878,"@ShashiTharoor Swami Vivekananda spoke about a Hinduism that is based on acceptance of diversity and inclusivity, whereas the Hindutva ideology of RSS that they propagate is an exclusionary, bigoted political doctrine &amp; has little to do with Swami Vivekananda‚Äôs idea of Hinduism - ST https://t.co/L0imD18DdR",Pro OPP,"['hinduism', 'inclusivity', 'amp']","[{'text': 'hinduism', 'score': 0.708}, {'text': 'inclusivity', 'score': 0.3094}, {'text': 'amp', 'score': -0.0058}]",hindutva,Pro Opp,hindutva,Against ,shows that hindutva ideology is exclusionary and bigoted. 
1126882,"We can‚Äôt be okay with Hindutva terror &amp; be all shocked &amp; devastated at Taliban terror.. &amp;
 We can‚Äôt be chill with #Taliban terror; and then be all indignant about #Hindutva terror!
 Our humanitarian &amp; ethical values should not be based on identity of the oppressor or oppressed.",Pro OPP,"['terror', 'hindutva', 'values']","[{'text': 'terror', 'score': 0.5075}, {'text': 'hindutva', 'score': 0.4427}, {'text': 'values', 'score': 0.1206}]",hindutva,Pro Opp,hindutva,Against ,encourages citizens to stand up against hindutva terror like they stood up against taliban terror. 
918706,"Brilliant interview @betwasharma 
 ""We lose through soft Hindutva. Let us lose through hard secularism. If we lose through hard secularism, we will win the next time. If we compromise with Hindutva, we will lose, lose, lose. ""
 https://t.co/BSBGauDG64",Pro OPP,"['hindutva', 'lose', 'interview']","[{'text': 'hindutva', 'score': 0.5182}, {'text': 'lose', 'score': 0.4194}, {'text': 'interview', 'score': 0.3493}]",hindutva,Pro Opp,hindutva,For ,"claims that without hindutva, india will lose. "
696538,"This is the difference between Hindus and Hindutvawadis. The price rise and #inflation is the task of Hindutvawadis, as they want power at any cost, Mr. Gandhi added.",Pro OPP,"['hindutvawadis', 'inflation', 'difference']","[{'text': 'hindutvawadis', 'score': 0.598}, {'text': 'inflation', 'score': 0.4265}, {'text': 'difference', 'score': 0.3165}]",hindutva,Pro Opp,hindutva,Against ,accuses hindutva for inflation. 
844042,"""A young woman has accused an office-holder of the Rashtriya Yuva Hindu Vahini of helping her son&amp; another relative rape her at her residence in the Pallavpuram area of Meerut.""
 Hindutva sanskar? https://t.co/wAZePfu1dP",Pro OPP,"['hindutva', 'accused', 'office']","[{'text': 'hindutva', 'score': 0.5378}, {'text': 'accused', 'score': 0.4917}, {'text': 'office', 'score': 0.1724}]",hindutva,Pro Opp,hindutva,Against ,portrays that hindutva sanskar encourages rape and violence towards women. 
2063907,"This young man stopped anti Muslim hate speech of a Hindutva guy. We should learn from him how to stand up to extremists of our religion.
 
 https://t.co/Qlvhqt0QZ3",Pro OPP,"['muslim', 'speech', 'hate']","[{'text': 'muslim', 'score': 0.5384}, {'text': 'speech', 'score': 0.32}, {'text': 'hate', 'score': 0.2387}]",hindutva,Pro Opp,hindutva,Against ,says hindutva are extremists of hinduisma nd should be stood up to
318907,"Six hours after a 14-year-old Muslim boy was allegedly shot at by a Hindutva mob in the Kardam Puri locality of Shahdara, no ambulance had reached him.
 
 https://t.co/bzsFMDLOFw",Pro OPP,"['ambulance', 'muslim', 'boy']","[{'text': 'ambulance', 'score': 0.4231}, {'text': 'muslim', 'score': 0.3186}, {'text': 'boy', 'score': 0.3049}]",hindutva,Pro Opp,hindutva,Against ,shows how hindutva conduct violence against muslim youth. 
1606405,"Hindutva agenda is good for BJP's votes integration, but, extremely dangerous for national integration. 
 
 It will lead to civil war one day.",Pro OPP,"['hindutva', 'agenda', 'dangerous']","[{'text': 'hindutva', 'score': 0.5043}, {'text': 'agenda', 'score': 0.3714}, {'text': 'dangerous', 'score': 0.3076}]",hindutva,Pro Opp,hindutva,Against ,hindutva would lead to civil war. 
930845,"The entire confusion springs from two related factors: the meaning of Hindutva isn‚Äôt as well known as it should be, and communalism as a term has fallen out of vogue in political commentaries after the rise of the BJP in 2014.
 
 https://t.co/g3tbBcwG5J",Pro OPP,"['hindutva', 'political', 'springs']","[{'text': 'hindutva', 'score': 0.5998}, {'text': 'political', 'score': 0.2896}, {'text': 'springs', 'score': 0.049}]",hindutva,Pro Opp,hindutva,Against ,implies that hindutva and communalism goes hand in hand. 
1343602,"Statement of Abdul Samad Saifi. 
 
 This old Muslim man was attacked by 5 Hindutva extremists in Loni, Ghaziabad. 
 
 He alleges that attackers put gun on his head, he was forced to chant Jai Sri Ram and they brutally beaten him up and chopped off his beard. https://t.co/GcnGeQJk4V",Pro OPP,"['muslim', 'old', 'chopped']","[{'text': 'muslim', 'score': 0.6082}, {'text': 'old', 'score': 0.2845}, {'text': 'chopped', 'score': 0.1581}]",hindutva,Pro Opp,hindutva,Against ,shows how hindutva attack and abuse old muslims as well and traumatise them. 
80507,Time to ask social media companies like ‚Å¶@Facebook‚Å© and WhatsApp what they are doing to counter Hindutva radicalisation in India. Do they want blood on their hands like they did in Myanmar? https://t.co/oyLYIngwS6,Pro OPP,"['hindutva', 'blood', 'whatsapp']","[{'text': 'hindutva', 'score': 0.4621}, {'text': 'blood', 'score': 0.193}, {'text': 'whatsapp', 'score': 0.1626}]",hindutva,Pro Opp,hindutva,Against ,shows how hindutva radicalisation is spreading through social media and that these channels will have blood on their hands. 
81965,"In New India, a Muslim must surrender himself to die when a Hindutva mob comes attacking. If he resists and tries to survive, Modi-Shah‚Äôs police will put him behind bars. There is no escape for a Muslim under Modi!",Pro OPP,"['muslim', 'india', 'resists']","[{'text': 'muslim', 'score': 0.5964}, {'text': 'india', 'score': 0.3668}, {'text': 'resists', 'score': 0.1923}]",hindutva,Pro Opp,hindutva,Against ,shows how hindutva mobs are killing muslims and muslims just have to accept this under modi's rule. 
2559691,"This shows the kind of venom Hindutva gang has injected in our young generation!! 
 
 18 yr old girl behind a crime of online auction of Muslim girls ?? Still can‚Äôt believe it! They are just pawns in the hands of Hindutva Goons! 
 
 God save our country ! 
 
 #BulliBai #SulliDeal https://t.co/0mO75OkXBy",Pro OPP,"['muslim', 'pawns', 'generation']","[{'text': 'muslim', 'score': 0.4408}, {'text': 'pawns', 'score': 0.2541}, {'text': 'generation', 'score': 0.2382}]",hindutva,Pro Opp,hindutva,Against ,accuses hindutva of injecting venom and hatred in younger generation. 
517680,"In UP, farmers get notice of Rs 50 lakh for protests.
 
 This hindutva monk Yoginath makes Kim Jong-un looks like Nelson Mandela",Pro OPP,"['farmers', 'protests', '50']","[{'text': 'farmers', 'score': 0.3749}, {'text': 'protests', 'score': 0.3525}, {'text': '50', 'score': 0.3408}]",hindutva,Pro Opp,hindutva,Against ,"mocks how hindutva ""monk"" yoginath makes north korean dicatator look like a saint. "
363666,"Is Kailash Mansarovar more sacred than Ayodhya? If so, why don't you go and capture it? Or all Hindutva bravery is just in front of India's minorities? https://t.co/dGr9wuGMYm",Pro OPP,"['hindutva', 'bravery', 'minorities']","[{'text': 'hindutva', 'score': 0.5325}, {'text': 'bravery', 'score': 0.31}, {'text': 'minorities', 'score': 0.2602}]",hindutva,Pro Opp,hindutva,Against ,claims that hindutva bravery only exists in front of minorities. 
2260283,Hindutva Model https://t.co/15rvkancX3,Pro OPP,"['hindutva', 'model']","[{'text': 'hindutva', 'score': 0.8962}, {'text': 'model', 'score': 0.4392}]",hindutva,Pro Opp,hindutva,neutral ,no stance on hindutva 
2436716,The Gujarat model: From Ashok who was made the poster boy of Hindutva in Gujarat https://t.co/oSYZidVHLp,Pro OPP,"['hindutva', 'boy', 'model']","[{'text': 'hindutva', 'score': 0.7857}, {'text': 'boy', 'score': 0.3036}, {'text': 'model', 'score': 0.214}]",hindutva,Pro Opp,hindutva,neutral ,no stance on hindutva 
2903587,"Hindu supremacists, carrying guns, marching around Udaipur, India! Hindutva terror is a stark reality. https://t.co/NpPlSEhswr",Pro OPP,"['hindutva', 'supremacists', 'guns']","[{'text': 'hindutva', 'score': 0.6105}, {'text': 'supremacists', 'score': 0.4604}, {'text': 'guns', 'score': 0.2564}]",hindutva,Pro Opp,hindutva,Against ,warns that hindutva terror is on the rise. 
223333,This photo of the squawking bloodthirsty Hindutva goon brandishing his pistol at an unarmed protester while cops grin and watch captures India at the moment : unarmed citizens up against state power gone rogue https://t.co/fK26yfLfCx,Pro OPP,"['unarmed', 'hindutva', 'squawking']","[{'text': 'unarmed', 'score': 0.5177}, {'text': 'hindutva', 'score': 0.4423}, {'text': 'squawking', 'score': 0.2547}]",hindutva,Pro Opp,hindutva,Against ,portrays hindutva as bloodthirsty and rogue. 
921504,"Clearly many many people see ""India vaccine"" as simply Hindutva's brand-building exercise.... saving lives is a side thought. https://t.co/IIK9e0E2yq",Pro OPP,"['vaccine', 'hindutva', 'saving']","[{'text': 'vaccine', 'score': 0.5546}, {'text': 'hindutva', 'score': 0.3852}, {'text': 'saving', 'score': 0.1439}]",hindutva,Pro Opp,hindutva,For ,hindutva is not just building a brand through india vaccine. its actually trying to save lives. 
272749,"I‚Äôm a Congress supporter.
 
 And I didn‚Äôt shy away from saying what I believed in court even in the face of mobs threatening me &amp; attacking my house with ‚ÄúJai Shri Ram‚Äù chants.
 
 No party is a monolith.
 
 There‚Äôs also voices IN THE CONGRESS who will challenge Hindutva politics.",Pro OPP,"['politics', 'hindutva', 'shy']","[{'text': 'politics', 'score': 0.4748}, {'text': 'hindutva', 'score': 0.4221}, {'text': 'shy', 'score': 0.1158}]",hindutva,Pro Opp,hindutva,Against ,says there are voices in the congress that will challenge hindutva 
2651274,"Dekho dekho‚Ä¶ Kejriwal hindutva card khel raha‚Ä¶. 
 
  https://t.co/bYwPGKmOb3",Pro OPP,"['hindutva', 'card', 'dekho']","[{'text': 'hindutva', 'score': 0.6481}, {'text': 'card', 'score': 0.4831}, {'text': 'dekho', 'score': 0.466}]",hindutva,Pro Opp,hindutva,Against ,kejriwal playing hindutva card is said in a mocking tone. frowned upon. 
690148,"I love Hindutva's ability to change history, geography, science, facts, economics, political science, sociology, psychology, medicine, archeology, linguistics, genetics, news, mathematics....... its totally awe-inspiring. üôèüôèüôèüôè Like Vishwamitra creating a parallel universe.",Pro OPP,"['hindutva', 'universe', 'parallel']","[{'text': 'hindutva', 'score': 0.5617}, {'text': 'universe', 'score': 0.2733}, {'text': 'parallel', 'score': 0.1872}]",hindutva,Pro Opp,hindutva,Against ,"sarcastically saying how hindutva changes facts, myths, proofs, history, geography and everything else simply to further their political agenda. "
499317,"Hindutva mythology:
 1. Muslims are invaders
 2. Christians want missionaries
 3. Thakurs never rape
 4. Dalits always lie
 5. Rajputs don't take drugs
 6. Intellectuals hate India
 7. West denies Hindu glory
 8. Vegetarians don't beat wives
 9. America $$$$ is wonderful",Pro OPP,"['hindutva', 'vegetarians', 'never']","[{'text': 'hindutva', 'score': 0.6267}, {'text': 'vegetarians', 'score': 0.3002}, {'text': 'never', 'score': 0.0711}]",hindutva,Pro Opp,hindutva,Against ,shows how hindutva ideology is exclusionary and radical and targets minorities. 
798644,"Stupid people confuse Hindu Dharma with Hindutva.
 Admire people who have guts to admit they are stupid.
 üòöüôèüôè
 
 Hindu Dharma = Rajdharma, use Hindu wisdom for prosperity &amp; peace of people 
 Hindutva = Rajniti, focus on winning elections by using Hindu gods, temples and rituals",Pro OPP,"['dharma', 'stupid', 'elections']","[{'text': 'dharma', 'score': 0.6261}, {'text': 'stupid', 'score': 0.3258}, {'text': 'elections', 'score': 0.1838}]",hindutva,Pro Opp,hindutva,Against ,draws difference between hindu dharma and hindutva. says only stupid people confuse the two. 
673829,"Hindutvawadis who want Taliban style governance in India (the Taliban want to impose 1700-year-old Sharia in Afghanistan, the Hindutva group want to impose Manusmriti, a 2200-year-old system) are celebrating the murder of a brave journalist by their contemporaries in Afghanistan.",Pro OPP,"['hindutvawadis', 'taliban', 'journalist']","[{'text': 'hindutvawadis', 'score': 0.527}, {'text': 'taliban', 'score': 0.5233}, {'text': 'journalist', 'score': 0.2952}]",hindutva,Pro Opp,hindutva,Against ,claims that hindutva wants talibal style governance in a democracy like india. 
690724,Behind the Social Media Face of a Violent Hindutva Activist Lies an Entire Ecosystem of Hate https://t.co/o9kDiRVjud,Pro OPP,"['hate', 'hindutva', 'media']","[{'text': 'hate', 'score': 0.5001}, {'text': 'hindutva', 'score': 0.4753}, {'text': 'media', 'score': 0.3899}]",hindutva,Pro Opp,hindutva,Against ,shows hindutva activist as hateful and violent. 
249252,Sharjeel Imam was in jail when anti-Muslim riot was taking place in Delhi by the Hindutva gang. They still arrest him for the riot. https://t.co/iM4itzQrL0 via @TheClarionIndia,Pro OPP,"['muslim', 'arrest', 'theclarionindia']","[{'text': 'muslim', 'score': 0.5351}, {'text': 'arrest', 'score': 0.4406}, {'text': 'theclarionindia', 'score': 0.1238}]",hindutva,Pro Opp,hindutva,Against ,anti-muslim riots conducted by hindutva. 
2590205,"Contempt of court for wearing a headscarf? ü§°
 May be if it was in 'Hindutva Rashtra' but not in India. Oh wait... https://t.co/BNEhi71wFP",Pro OPP,"['headscarf', 'india', 'court']","[{'text': 'headscarf', 'score': 0.5524}, {'text': 'india', 'score': 0.4586}, {'text': 'court', 'score': 0.3241}]",hindutva,Pro Opp,hindutva,Against ,mocks how hindutva is turning india into a hindutva rashtra from a secular democracy. 
1711698,"‚ÄòMedia threatened us, tried to extort money‚Äô: Muslim convert accuses media of misreporting, harassment
 
 If this is not terr0rising, what is it?
 Has media now become just another Hindutva outfit?
 https://t.co/tkIzagkK4L",Pro OPP,"['media', 'muslim', 'extort']","[{'text': 'media', 'score': 0.5747}, {'text': 'muslim', 'score': 0.5008}, {'text': 'extort', 'score': 0.1483}]",hindutva,Pro Opp,hindutva,Against ,accuses media of becoming a pawn of hindutva and spreading terrorism. 
2010,"Uddhav Thackeray said that their Hindutva is not about rining bell, pots and utensil, but it is about to fight against terrorist and kill them. @NewIndianXpress",Pro OPP,"['hindutva', 'kill', 'bell']","[{'text': 'hindutva', 'score': 0.5938}, {'text': 'kill', 'score': 0.3406}, {'text': 'bell', 'score': 0.1863}]",hindutva,Pro Opp,hindutva,Against ,shows how hindutva leaders want to kill muslims. 
,"@RahulGandhi ""We are being told what to eat, wear, say, think and be. One monolithic RSS Hindutva order is being forced on us as Indian culture."" https://t.co/ntmdi2weda",Pro OPP,,"[{'text': 'hindutva', 'score': 0.7251}, {'text': 'eat', 'score': 0.3164}, {'text': 'order', 'score': 0.2479}]",hindutva,,hindutva,,
,"Here's exposing truth of bigotry, gau raksha truth, animal love, shakahari, and fake propaganda of hindutva... 

Hypocrite BJP... https://t.co/3zLSo3uQeP",Pro OPP,,"[{'text': 'hindutva', 'score': 0.6267}, {'text': 'hypocrite', 'score': 0.4208}, {'text': 'exposing', 'score': 0.2706}]",hindutva,,hindutva,,
,"READ @virsanghvi #JitenPrasada was welcomed to BJP, &amp; his Doon School background favourably. Perhaps this is the new BJP, a party that genuflects before privilege, but by accepting defectors who previously attacked Hindutva, BJP risks losing that identity
https://t.co/VupcKOKo8l",Pro OPP,,"[{'text': 'hindutva', 'score': 0.6173}, {'text': 'defectors', 'score': 0.2767}, {'text': 'accepting', 'score': 0.2499}]",hindutva,,hindutva,,
,"#Exclusive | There‚Äôs no such thing as hardline Hindutva. The behaviour of Deen Dayal Upadhyay‚Äôs acolytes can‚Äôt be hardline:  @rammadhav_rss, #RSS leader, tells Navika Kumar on @thenewshour Special Edition. | #RamMadhavOnNewshour https://t.co/MDBbVzJ54I",Neutral,,"[{'text': 'hindutva', 'score': 0.6561}, {'text': 'hardline', 'score': 0.3801}, {'text': 'newshour', 'score': 0.2094}]",hindutva,,hindutva,,
