source_row,tweet,tweet_label,subjects,subjects_scored,keyword,label_norm,keyword_cat,Stance ,Reasoning 
638190,In a significant move the Jammu and Kashmir government has decided to issue domicile certificate to the spouse of a domicile. Earlier if a women from J&amp;K married a man outside the state the spouse was not given the domicile of the state. https://t.co/wjctHDlP0v,Pro Ruling,"['certificate', 'spouse', 'kashmir']","[{'text': 'certificate', 'score': 0.465}, {'text': 'spouse', 'score': 0.3911}, {'text': 'kashmir', 'score': 0.3163}]",kashmir,Pro Ruling,kashmir,Neutral ,Reports a policy development in the state of Kashmir. 
2798395,"#AageBadhtaKashmir will be successful only if ""age badhte hue Baluchistan-Sindh tak pahunch jaye"" üòâ",Pro Ruling,"['kashmir', 'age', 'bad']","[{'text': 'kashmir', 'score': 0.4951}, {'text': 'age', 'score': 0.4663}, {'text': 'bad', 'score': 0.3075}]",kashmir,Pro Ruling,kashmir,For ,It is supportive of a politicall-charged policy within India to expand Kashmir into Pakistani provinces 
2840177,"Rahat Ali Khan was served notice by ED for smuggling illegal currency. 

Atif Aslam accused India of tyranny in Kashmir and wrote against 370 - an internal matter of India. 

Anti-India mindset also doesn't see boundaries.

Right, Big Beef Guy of Peshawar?

#BollywoodKiGandagi https://t.co/Q3bYlqimhI",Pro Ruling,"['kashmir', 'currency', 'beef']","[{'text': 'kashmir', 'score': 0.5247}, {'text': 'currency', 'score': 0.1805}, {'text': 'beef', 'score': 0.1615}]",kashmir,Pro Ruling,kashmir,Against ,Discredits Pakistani artists morally and politically and reinforce the view that they are hostile to India's sovereignty
2040627,"According to govt agencies, Bitta Karate‚Äôs wife Assbah Arzoomand was also involved as coordinator for funding terror activities. 

Shocking that it still took us 13 years to fire her from her Kashmir Administrative Services job!",Pro Ruling,"['kashmir', 'wife', 'karate']","[{'text': 'kashmir', 'score': 0.3639}, {'text': 'wife', 'score': 0.2568}, {'text': 'karate', 'score': 0.2264}]",kashmir,Pro Ruling,kashmir,Against ,the tone criticizes the government/system for taking 13 years to dismiss her
568573,"Look at the pattern.
I do a story on #ZaminJihad from Jammu&amp;Kashmir.
An FIR is filed against me in Kerala.
Threatening phone calls are made to me from Pakistan.
Does this add up? What is this nexus?
Request Pak PM @ImranKhanPTI to investigate the Pakistan link to this.",Pro Ruling,"['kashmir', 'calls', 'nexus']","[{'text': 'kashmir', 'score': 0.5686}, {'text': 'calls', 'score': 0.3664}, {'text': 'nexus', 'score': 0.246}]",kashmir,Pro Ruling,kashmir,Against ,Refers to coercive activity linked to Pakistan 
175529,"Nehru's stand for Kashmir??. It was Sardar patel who rescued Kashmir. Listen to veteran Sam Manekshaw
https://t.co/eAf0yuiDg9",Pro Ruling,"['kashmir', 'listen', 'veteran']","[{'text': 'kashmir', 'score': 0.5829}, {'text': 'listen', 'score': 0.2054}, {'text': 'veteran', 'score': 0.14}]",kashmir,Pro Ruling,kashmir,Neutral ,It is a personal opinion that indirectly concerns Kashmir 
2583281,"Today marks the third anniversary of the Pulwama terror attack in Kashmir where 40 bravehearts of CRPF sacrificed their life for the nation. Terror attack was the conspiracy of Pakistan based terror group Jaish e Muhammad of Masood Azhar.

Never forget.
Never forgive.

Prayers.üáÆüá≥ https://t.co/kKFqyhxMA8",Pro Ruling,"['kashmir', 'anniversary', 'bravehearts']","[{'text': 'kashmir', 'score': 0.4488}, {'text': 'anniversary', 'score': 0.3806}, {'text': 'bravehearts', 'score': 0.3037}]",kashmir,Pro Ruling,kashmir,For ,Evokes respectful emotions of a tragic act of terror 
751641,"Where are the great Human Rights Activists like?

* Aamir Khan
* Prakash Raj
* Arundhati Roy
* Swara Bhasker
* Gang of pseudo-feminists
* Omars &amp; Muftis of Kashmir

Scared of Talibanis?",Pro Ruling,"['activists', 'kashmir', 'scared']","[{'text': 'activists', 'score': 0.5594}, {'text': 'kashmir', 'score': 0.3658}, {'text': 'scared', 'score': 0.153}]",kashmir,Pro Ruling,kashmir,Against ,Sarcastically attacks popular Indian personalities  
887648,"This daughter of slain Kashmiri Pandit is showing the mirror to all terror apologists in Kashmir and beyond. Takes them to the cleaners. Just listen to her speak about the uneducated, illiterate Islamist terrorists who have over the years killed innocent Kashmiri Pandits. https://t.co/0J4BwiAWkD",Pro Ruling,"['kashmir', 'killed', 'mirror']","[{'text': 'kashmir', 'score': 0.5063}, {'text': 'killed', 'score': 0.2523}, {'text': 'mirror', 'score': 0.1741}]",kashmir,Pro Ruling,kashmir,For ,Supportive of Kashmiri Pandits and shows sympathy for the injustice towards them. 
2013587,"Watched #TheKashmirFiles yesterday, and well, now I get why @vivekagnihotri had told me in the interview that he'd want people to compare it with Haider. Both films have a young man from a 'liberal' university returning to Kashmir... and well, similarities end there. Numbing.",Pro Ruling,"['kashmir', 'both', 'numbing']","[{'text': 'kashmir', 'score': 0.5208}, {'text': 'both', 'score': 0.3509}, {'text': 'numbing', 'score': 0.0337}]",kashmir,Pro Ruling,kashmir,Neutral ,Opinion about a movie 
1444018,"Hindu medical student from Jammu &amp; Kashmir harassed by online trolls from Kashmir Medical Colleges who were involved in Anti-India abusive sloganeering. Now Pakistan terror group backs same trolls, threatens minorities and non-Kashmiris. And the nation remains silent. Applause.",Pro Ruling,"['kashmir', 'harassed', 'silent']","[{'text': 'kashmir', 'score': 0.4531}, {'text': 'harassed', 'score': 0.4412}, {'text': 'silent', 'score': 0.131}]",kashmir,Pro Ruling,kashmir,Against ,Reports a negative incident in Kashmir 
2770289,"Bone chilling details emerging in the  Dangri massacre. Terrorists barged into Hindu homes and confirmed identities through Aadhaar before gunning the Hindus down. 

Will @manojsinha_ still say Killings in Jammu &amp; Kashmir have nothing to do with religion? https://t.co/T3PV5sJqYt",Pro Ruling,"['kashmir', 'killings', 'bone']","[{'text': 'kashmir', 'score': 0.5346}, {'text': 'killings', 'score': 0.4247}, {'text': 'bone', 'score': 0.1092}]",kashmir,Pro Ruling,kashmir,Against ,Reports horrific act of terror that tokk place in Kashmir 
2704885,"#SabootGangYatra | Tourism numbers in Jammu and Kashmir have gone up 3.5 times, terror incidents have come down 30%: Gaurav Bhatia, BJP spokesperson 

Fire in your views and watch #LIVE here - https://t.co/HbKDYgaNDs https://t.co/r1SOOp6zOr",Pro Ruling,"['kashmir', 'tourism', 'boot']","[{'text': 'kashmir', 'score': 0.4785}, {'text': 'tourism', 'score': 0.3994}, {'text': 'boot', 'score': -0.0572}]",kashmir,Pro Ruling,kashmir,For ,"Talks about the ameliorating condition of Kashmir, in terms of safety and touroism "
345604,FIRED. Done. Despite losses. Happy that I did. #TheKashmirFiles https://t.co/sx0Ae2RF3m,Pro Ruling,"['done', 'kashmir', 'fired']","[{'text': 'done', 'score': 0.5295}, {'text': 'kashmir', 'score': 0.4622}, {'text': 'fired', 'score': 0.46}]",kashmir,Pro Ruling,kashmir,For ,"Pro Kashmiri files, and hence in support of a narratic in solidarity with Kashmiri Pandits "
1640705,"I will never forget Shri Azad‚Äôs efforts and Shri Pranab Mukherjee‚Äôs efforts when people from Gujarat were stuck in Kashmir due to a terror attack. Ghulam Nabi Ji was constantly following up, he sounded as concerned as if those stuck were his own family members: PM Modi",Pro Ruling,"['kashmir', 'stuck', 'members']","[{'text': 'kashmir', 'score': 0.5532}, {'text': 'stuck', 'score': 0.2487}, {'text': 'members', 'score': 0.2195}]",kashmir,Pro Ruling,kashmir,For ,Appreciates the efforts of great Indian leaders 
1244211,"27 Oct 1947 

#JammuAndKashmir

Lieutenant Colonel Dewan Ranjit Rai displayed conspicuous courage &amp; exemplary leadership in blunting the ingress of Pakistani invaders towards #Srinagar. Posthumously awarded #MahaVirChakra

https://t.co/en4PmLr2Ea https://t.co/uihAVmOJDS",Pro Ruling,"['kashmir', 'courage', 'colonel']","[{'text': 'kashmir', 'score': 0.4891}, {'text': 'courage', 'score': 0.3362}, {'text': 'colonel', 'score': 0.2796}]",kashmir,Pro Ruling,kashmir,For ,Undersocres a benign and couragesous act
2114944,"Films made tax-free by CM Kejriwal in Delhi:

1. 83
2. Saand Ki Aankh
3. Nil Battey Sannata

Kejriwal insinuated that ‚ÄòThe Kashmir Files‚Äô is jhoothi (false) movie.

83 movie showed Pak Army stopping firing to let Indian Army listen to the score of final match

Did that happen? No",Pro Ruling,"['kashmir', 'films', 'tax']","[{'text': 'kashmir', 'score': 0.4687}, {'text': 'films', 'score': 0.409}, {'text': 'tax', 'score': 0.2861}]",kashmir,Pro Ruling,kashmir,Against ,Proves the heart-warming incident shown in popular Hindi movie to be false 
873774,Every Indian has a right and duty to worry and speak about Kashmir. https://t.co/s2ezGXlOqh,Pro Ruling,"['kashmir', 'worry', 'every']","[{'text': 'kashmir', 'score': 0.4632}, {'text': 'worry', 'score': 0.2813}, {'text': 'every', 'score': 0.206}]",kashmir,Pro Ruling,kashmir,For ,Empowers people to express opinions (in support of freedom of speech and expression) 
539794,"Thank you for this clipping, remember the time @BDUTT prompted a Kashmiri youth to say he was fighting for #Kashmir when he clearly said he was fighting for #Islam? https://t.co/pqFvNetHoF",Pro Ruling,"['kashmir', 'fighting', 'clipping']","[{'text': 'kashmir', 'score': 0.5722}, {'text': 'fighting', 'score': 0.3316}, {'text': 'clipping', 'score': 0.0867}]",kashmir,Pro Ruling,kashmir,Against ,Recalls a lie regarding the division in Kashmir 
2518129,"UK lawmakers recognize Kashmiri Hindu genocide, Thanks to The Kashmir Files https://t.co/XqdkwL0FcK",Pro Ruling,"['kashmir', 'genocide', 'lawmakers']","[{'text': 'kashmir', 'score': 0.3936}, {'text': 'genocide', 'score': 0.3733}, {'text': 'lawmakers', 'score': 0.239}]",kashmir,Pro Ruling,kashmir,For ,Highlights a good outcome of the 'Kashmir Files' movie that benefits Indian Foreign relations
1192857,"Introducing Retd. Divisional Commissioner, J&amp;K, Brahma Dutt played by National Award Winner Mithun Chakraborty. 
‚ÄúWhat is Justice?‚Äù 
#TheKashmirFiles on 26th January 2022.

 #‡§π‡§Æ_‡§¶‡•á‡§ñ‡•á‡§Ç‡§ó‡•á‡•§ https://t.co/ThbQncv0C7",Pro Ruling,"['kashmir', 'justice', 'january']","[{'text': 'kashmir', 'score': 0.5343}, {'text': 'justice', 'score': 0.4881}, {'text': 'january', 'score': 0.1901}]",kashmir,Pro Ruling,kashmir,For ,Supportive of the movie 
2245068,Lt Governor of Jammu &amp; Kashmir Manoj Sinha called on President Droupadi Murmu at Rashtrapati Bhavan https://t.co/D1b0aNI2AS,Pro Ruling,"['kashmir', 'president', 'called']","[{'text': 'kashmir', 'score': 0.3078}, {'text': 'president', 'score': 0.2437}, {'text': 'called', 'score': 0.2409}]",kashmir,Pro Ruling,kashmir,Neutral ,Reports a factual political development 
1160104,"Daughter of Kashmiri Hindu chemist Makhan Lal Bindroo who was killed by terrorists yesterday in Kashmir dares the coward terrorists and stone-pelters in the valley. ‚ÄúI am my father‚Äôs Kashmiri Hindu daughter. Come and face me if you have guts‚Äù, she says. https://t.co/G5pwc83eSa",Pro Ruling,"['kashmir', 'coward', 'chemist']","[{'text': 'kashmir', 'score': 0.4533}, {'text': 'coward', 'score': 0.3411}, {'text': 'chemist', 'score': 0.0865}]",kashmir,Pro Ruling,kashmir,For ,Displays a bold and emotional event against terrorists 
2891668,A captivating sight of the train traversing through the snow-covered Baramulla-Banihal stretch of Jammu &amp; Kashmir. https://t.co/SsWxUbxIj3,Pro Ruling,"['train', 'snow', 'kashmir']","[{'text': 'train', 'score': 0.6997}, {'text': 'snow', 'score': 0.4162}, {'text': 'kashmir', 'score': 0.4094}]",kashmir,Pro Ruling,kashmir,For ,Displays scenic beauty of the state 
159282,"My dream is to see Jammu and Kashmir emerge as a centre of knowledge, enterprise, innovation and skill development.",Pro Ruling,"['kashmir', 'innovation', 'dream']","[{'text': 'kashmir', 'score': 0.5188}, {'text': 'innovation', 'score': 0.2903}, {'text': 'dream', 'score': 0.2747}]",kashmir,Pro Ruling,kashmir,For ,Aspires very positively for the development of the state 
2194522,#TheKashmirFiles has created history! Everyone I know has either seen the movie or is planning to see the movie. Stories like this need to be told because we cannot afford another #KashmirHinduGenocide anywhere! Kudos @vivekagnihotri,Pro Ruling,"['kashmir', 'genocide', 'movie']","[{'text': 'kashmir', 'score': 0.6072}, {'text': 'genocide', 'score': 0.4757}, {'text': 'movie', 'score': 0.3239}]",kashmir,Pro Ruling,kashmir,For ,Supports the movie which equates to condemning the act of terror (genocide) against  Kashmiri Pandits 
717991,"May 28 is birth anniversary of Shrimati Taradevi

She was the last Hindu Maharani of Jammu Kashmir &amp; Tibet Allied State 

Here, she is pictured supervising the training of girls of Jammu and Kashmir in the wake of Pakistan Invasion of J&amp;K, 1947 https://t.co/8NziDEkZdv",Pro Ruling,"['kashmir', 'anniversary', 'training']","[{'text': 'kashmir', 'score': 0.5571}, {'text': 'anniversary', 'score': 0.3186}, {'text': 'training', 'score': 0.2688}]",kashmir,Pro Ruling,kashmir,For ,Commemorates a good-natured personality and recalls an event that empowers local Kashmiris 
2073232,"Watch this. 1990 vs 2022. 
Past. Present. Future? 
#TheKashmirFiles
#RightToJustice https://t.co/U4cCBsNq9k",Pro Ruling,"['kashmir', 'justice', '2022']","[{'text': 'kashmir', 'score': 0.5941}, {'text': 'justice', 'score': 0.492}, {'text': '2022', 'score': 0.3579}]",kashmir,Pro Ruling,kashmir,For ,Pro Kashmiri files
1472846,Mehbooba Mufti's Close Aid PDP leader Parra paid ‚Çπ 5 crore to Geelani's son-in-law to keep Kashmir in Turmoil after Burhan's D‚Ç¨ath: NIA  https://t.co/MMp9ZqJkWc,Pro Ruling,"['paid', 'kashmir', 'leader']","[{'text': 'paid', 'score': 0.3803}, {'text': 'kashmir', 'score': 0.3548}, {'text': 'leader', 'score': 0.0645}]",kashmir,Pro Ruling,kashmir,Neutral ,Recalls a negative event but the tweet in itself is for an informative purpose 
1638382,I am confident that these two Centres of Excellence and the laboratory will help Kashmir and also show the way to the world in combating climate challenges and nurturing nature.,Pro Ruling,"['centres', 'kashmir', 'nature']","[{'text': 'centres', 'score': 0.3717}, {'text': 'kashmir', 'score': 0.3513}, {'text': 'nature', 'score': 0.2247}]",kashmir,Pro Ruling,kashmir,For ,"Focuses on Kashmir's infrastructural development, aloong with a positive note on climate health. "
1904584,"üìçThe historic #ChenabBridge coming soon!

üî∂World's highest bridge on the Chenab river in Reasi district of Jammu and Kashmir will provide direct connectivity to the valley.

üî∏With a height of 359 metres above the river bed, it is 30 metres higher than Eiffel Tower. https://t.co/2FbMvUlJ2s",Pro Ruling,"['bridge', 'kashmir', 'highest']","[{'text': 'bridge', 'score': 0.6282}, {'text': 'kashmir', 'score': 0.3681}, {'text': 'highest', 'score': 0.3475}]",kashmir,Pro Ruling,kashmir,For ,Factual in tone but highlights a positive infrastructural development in the Kashmir valley. 
2458862,"IMPORTANT &amp; URGENT: 
Some communal groups are trying to put pressure on New Zealand Censor to ban #TheKashmirFiles. I request all Indians to be united and oppose this undemocratic tactic by radicals with utmost humility and release this film about HUMANITY and HUMAN RIGHTS. #FOE https://t.co/bXX1TxoXYN",Pro Ruling,"['kashmir', 'censor', 'radicals']","[{'text': 'kashmir', 'score': 0.5229}, {'text': 'censor', 'score': 0.4786}, {'text': 'radicals', 'score': 0.0991}]",kashmir,Pro Ruling,kashmir,For ,Calls for unity with good intent. 
1933877,"17 terrorists killed in Kashmir in last 10 days which includes 8 terrorists neutralised in 2022 itself in first five days. Many of the killed terrorists are Pakistani nationals &amp; from Pak terror group Jaish e Muhammad. Congratulations to J&amp;K Police, Indian Army, CRPF &amp; R&amp;AW. üáÆüá≥",Pro Ruling,"['kashmir', 'killed', 'crpf']","[{'text': 'kashmir', 'score': 0.5222}, {'text': 'killed', 'score': 0.3361}, {'text': 'crpf', 'score': 0.0435}]",kashmir,Pro Ruling,kashmir,For ,Pro the Indian state and against terrorists 
2520851,Once again the Congress party mocks Kashmiri Hindu plight - celebrates ban on #KashmirFiles in Singapore ! Ironically they claim to be champions of Free Speech but want a ban on truth of Kashmiri Hindu genocide to shield Islamist Jihad against Kashmiri Hindus? https://t.co/yi7j7XgqPJ,Pro Ruling,"['kashmir', 'congress', 'free']","[{'text': 'kashmir', 'score': 0.4345}, {'text': 'congress', 'score': 0.3597}, {'text': 'free', 'score': 0.0377}]",kashmir,Pro Ruling,kashmir,For ,"It wants to spread awareness about injustice in Kashmir, and in doing so, condemns the Congres sparty for acting as a hinderance "
1704917,I am squarely banking on the younger generation of Jammu and Kashmir to realise this dream which I am sure will come true sooner than later. Kashmir is bound to acquire its rightful place as the crowning glory of India.,Pro Ruling,"['kashmir', 'dream', 'generation']","[{'text': 'kashmir', 'score': 0.5612}, {'text': 'dream', 'score': 0.2564}, {'text': 'generation', 'score': 0.2443}]",kashmir,Pro Ruling,kashmir,For ,Aspires for a brighter future for Kashmiri land and its people. 
758606,Only a fool would talk of PM Modi sacrificing interest of Kashmir in a meeting to be organised on the day after the balidan diwas of SP Mookerjee!,Pro Ruling,"['kashmir', 'fool', 'meeting']","[{'text': 'kashmir', 'score': 0.4548}, {'text': 'fool', 'score': 0.3856}, {'text': 'meeting', 'score': 0.1711}]",kashmir,Pro Ruling,kashmir,For ,"Pro-Modi, nationalist, and dismissive of opposing narratives."
2602237,"Why every Indian must see #TheKashmirFiles @vivekagnihotri @AnupamPKher @mithunda_off 
#RightToJustice #KreatelyMediaisBack https://t.co/wF5mIHxlap",Pro Ruling,"['kashmir', 'media', 'justice']","[{'text': 'kashmir', 'score': 0.5764}, {'text': 'media', 'score': 0.3867}, {'text': 'justice', 'score': 0.3676}]",kashmir,Pro Ruling,kashmir,For ,"Promotes the mocie, promotes spreading awareness about an injustice "
756387,"Congratulations Forces for Neutralizing 02 Ter0rists in Srinagar #Kashmir ‚Ç¨ncounter today without any Casuality or Collateral . 

With This Successful Op Security Forces have Cleansed Valley of 78 Ter0rists this Year",Pro Ruling,"['kashmir', 'neutralizing', 'congratulations']","[{'text': 'kashmir', 'score': 0.4658}, {'text': 'neutralizing', 'score': 0.4032}, {'text': 'congratulations', 'score': 0.3351}]",kashmir,Pro Ruling,kashmir,For ,Supports an anti-terrorist operation. 
1743538,"His real name was Major Mohit Sharma, 1 Para SF,(Madras Regiment) Indian army.

This officer laid down his life in cordon and search operations in Kashmir in 2009. His last words to his 2IC was, ""Make sure not one escapes the net."" https://t.co/KZkLvGCzA3",Pro Ruling,"['officer', 'kashmir', 'cordon']","[{'text': 'officer', 'score': 0.4586}, {'text': 'kashmir', 'score': 0.3823}, {'text': 'cordon', 'score': 0.2492}]",kashmir,Pro Ruling,kashmir,For ,Wholesome nationalist recollection of a brave act by Indian Army Officer.
2765748,"Massive SELF GOAL by Andolan jeevi currently Bharat Todo yatra jeevi Yogendra Yadav ""Kashmir is Safe place"" üòÇüòÇüëè https://t.co/JQWOguUKVg",Pro Ruling,"['goal', 'safe', 'kashmir']","[{'text': 'goal', 'score': 0.5257}, {'text': 'safe', 'score': 0.4581}, {'text': 'kashmir', 'score': 0.4291}]",kashmir,Pro Ruling,kashmir,Neutral ,Not about Kashmir; but against Yogendra Yadav as it mocks him 
662325,"I will never forget Shri Azad‚Äôs efforts and Shri Pranab Mukherjee‚Äôs efforts when people from Gujarat were stuck in Kashmir due to a terror attack. Ghulam Nabi Ji was constantly following up, he sounded as concerned as if those stuck were his own family members: PM Modi",Pro Ruling,"['kashmir', 'stuck', 'members']","[{'text': 'kashmir', 'score': 0.5532}, {'text': 'stuck', 'score': 0.2487}, {'text': 'members', 'score': 0.2195}]",kashmir,Pro Ruling,kashmir,For ,Appreciates the efforts of great Indian leaders 
1406402,"Since Kashmir is our integral part, the least we should know is that most area occupied by Pakistan is Jammu, not Kaasmeer.

Even our Deshbhakt Pakistan experts giving sermons to the Govt refer to Poonch as an area in Kashmir. Poonch and Pak occupied Poonch is Jammu. Read maps.",Pro Ruling,"['kashmir', 'poonch', 'maps']","[{'text': 'kashmir', 'score': 0.5417}, {'text': 'poonch', 'score': 0.3071}, {'text': 'maps', 'score': 0.1955}]",kashmir,Pro Ruling,kashmir,For ,Spreading awareness about Kashmir by fighting misinformation 
2542107,"From the pages of history - unfurling of the Indian Tricolour at Lal Chowk, Srinagar on 26th Jan'1992. 

Even threats of terrorists in Kashmir, then at their peak, did not deter Narendra Modi &amp; Dr Murli Manohar Joshi from completing the Ekta Yatra from Kanyakumari to Kashmir. https://t.co/pbs6x9IhFS",Pro Ruling,"['kashmir', 'tricolour', 'peak']","[{'text': 'kashmir', 'score': 0.6647}, {'text': 'tricolour', 'score': 0.3232}, {'text': 'peak', 'score': 0.1261}]",kashmir,Pro Ruling,kashmir,For ,"Against terrorism in Kashmir, and follows a nationalist tone "
2534573,"If you have seen #TheKashmiriFiles 
Please let the world know your review here.

üëá",Pro Ruling,"['kashmiri', 'files', 'if']","[{'text': 'kashmiri', 'score': 0.4801}, {'text': 'files', 'score': 0.2381}, {'text': 'if', 'score': 0.1043}]",kashmir,Pro Ruling,kashmir,Neutral ,Does not take a stance on anyhting related to Kashmir. 
1825546,"#TheKashmirFiles is spreading awareness nationally and globally about the Kashmiri Hindu exodus and genocide from Kashmir like never before. Everyone must watch this film. This is our history. History of injustice, silence, discrimination and bias by media and intellectuals.",Pro Ruling,"['kashmir', 'media', 'discrimination']","[{'text': 'kashmir', 'score': 0.6194}, {'text': 'media', 'score': 0.3868}, {'text': 'discrimination', 'score': 0.1848}]",kashmir,Pro Ruling,kashmir,For ,Demonstrates care about Kashmir's past and heritage 
2075114,"These mesmerizing pictures of Asia's Largest Igloo Cafe in Gulmarg, Jammu &amp; Kashmir will leave you wanting to explore the #UnseenIndia! üòç #IncredibleIndia

Picture Credits: @waseem_andrabi https://t.co/HSdIEYFwgI",Pro Ruling,"['cafe', 'kashmir', 'igloo']","[{'text': 'cafe', 'score': 0.5556}, {'text': 'kashmir', 'score': 0.504}, {'text': 'igloo', 'score': 0.3973}]",kashmir,Pro Ruling,kashmir,For ,Promotes Kashmir tourism. 
1798977,For the First time Seats to be Reserved for Scheduled Tribes too in Jammu and Kashmir,Pro Ruling,"['seats', 'kashmir', 'scheduled']","[{'text': 'seats', 'score': 0.6299}, {'text': 'kashmir', 'score': 0.4163}, {'text': 'scheduled', 'score': 0.3719}]",kashmir,Pro Ruling,kashmir,For ,Refers to a positive development in the state's Legislative Assembly 
2082836,"Union Home Minister and Minister of Cooperation Shri @AmitShah will launch the District Good Governance Index (DGGI) in Jammu &amp; Kashmir via VC.
Date: 22nd January 2022
Time: 01:00 PM https://t.co/RLkGMXWuFT",Pro Ruling,"['district', 'kashmir', 'launch']","[{'text': 'district', 'score': 0.396}, {'text': 'kashmir', 'score': 0.3667}, {'text': 'launch', 'score': 0.2902}]",kashmir,Pro Ruling,kashmir,Neutral ,Factual tone.
1310492,A new era of dev has begun in Kashmir post Art-370 abrogation: HM Shri @AmitShah Ji https://t.co/ofYzGGvrDx,Pro Ruling,"['kashmir', 'new', 'abrogation']","[{'text': 'kashmir', 'score': 0.5815}, {'text': 'new', 'score': 0.322}, {'text': 'abrogation', 'score': 0.1614}]",kashmir,Pro Ruling,kashmir,For ,"This is FOR the current policy direction in Kashmir (post-370 abrogation), and pro-development narrative. "
2006747,"Is it true that under pressure of Amanatullah Khan &amp; his votebank, the AAP govt &amp; Kejriwal are not declaring #TheKashmirFiles as tax free on Delhi? 

If not, I hope Kejriwal ji makes it tax free immediately https://t.co/a3pV3XFILi",Pro Ruling,"['kashmir', 'free', 'votebank']","[{'text': 'kashmir', 'score': 0.4301}, {'text': 'free', 'score': 0.2234}, {'text': 'votebank', 'score': 0.1803}]",kashmir,Pro Ruling,kashmir,For ,"Supports Kasmir Files, which is indirectly supporting the lost history of Kashmir "
2090188,"@ANI Rajasthan imposed Section 144 in Kota to stop people from watching #TheKashmirFiles.

What a shame!
Residents must approach HC!",Pro Ruling,"['kashmir', 'residents', 'stop']","[{'text': 'kashmir', 'score': 0.5067}, {'text': 'residents', 'score': 0.2461}, {'text': 'stop', 'score': 0.1489}]",kashmir,Pro Ruling,kashmir,For ,"This message is for the film and its message, and against the restriction, not against Kashmir."
1002740,"Few say Owaisi has setting with BJP but the fact is that he is a staunch Muslim &amp; has setting with Congress.

He never contests elections in Kerala because Congress &amp; Left are fulfilling his agenda &amp; Never contests elections in Kashmir because Kashmir has been fully Islamized.",Pro Ruling,"['kashmir', 'elections', 'never']","[{'text': 'kashmir', 'score': 0.4162}, {'text': 'elections', 'score': 0.3417}, {'text': 'never', 'score': 0.0747}]",kashmir,Pro Ruling,kashmir,Neutral ,Speak very little of Kashmir; it just says that the state has been islamicized but doesnt provide any opinions on it 
340798,"Kashmiri Muslim Youth chant ‚ÄòWe are Indians, India is our Home‚Äô as they cross residence of Abdullahs &amp; Mufti on Gupkar Road today. Protest against Pakistan sponsored terrorism outside UNMOGIP office in Srinagar. They say: ‚ÄòWe won‚Äôt tolerate Pakistani hooliganism in Kashmir‚Äô. @UN https://t.co/3SV6Y7KqRo",Pro Ruling,"['kashmir', 'protest', 'residence']","[{'text': 'kashmir', 'score': 0.5663}, {'text': 'protest', 'score': 0.4215}, {'text': 'residence', 'score': 0.1522}]",kashmir,Pro Ruling,kashmir,For ,Reports a Indian nationalist event 
7681,"Shooting at stone throwers in Kashmir with pellet guns is humanitarian crisis. Shooting at people in Munger, to kill, is not. Secularism drains away humanity. Human lives are measured in political capital they carry. #MungerKillings",Pro Ruling,"['killings', 'kashmir', 'secularism']","[{'text': 'killings', 'score': 0.4803}, {'text': 'kashmir', 'score': 0.4498}, {'text': 'secularism', 'score': 0.3437}]",kashmir,Pro Ruling,kashmir,Neutral ,"It references Kashmir only to expose selective outrage, not to blame Kashmiris."
12246,"As if grand cover up of Mughal atrocities on 'kaafir' Hindus &amp; beheading of Guru Tegh Bahadur for standing up for Kashmiri Hindus wasn't enough, Bollywood even pushed the idea that Mughals founded Kashmir, which is actually named after Rishi Kashyap

@SrBachchan in Bemisal (1982) https://t.co/XgwCLwszjV",Pro Ruling,"['kashmir', 'named', 'beheading']","[{'text': 'kashmir', 'score': 0.6111}, {'text': 'named', 'score': 0.2381}, {'text': 'beheading', 'score': 0.0688}]",kashmir,Pro Ruling,kashmir,Neutral ,"It is fiercely agaisnt Mughals and Islamic vestiges, but doesn not express strong opinions on Kashmir itself. "
2633921,IMPORTANT WARNING: Police warns of ‚ÄòThe Kashmir Files‚Äô links WhatsApp scam: What is it and how it works https://t.co/GFxe2znaiK,Pro Ruling,"['whatsapp', 'kashmir', 'police']","[{'text': 'whatsapp', 'score': 0.5369}, {'text': 'kashmir', 'score': 0.4185}, {'text': 'police', 'score': 0.1614}]",kashmir,Pro Ruling,kashmir,Neutral ,It warns against cyber scam ad has no opinions expressed on Kashmir 
399474,"RM @rajnathsingh arrives in Leh, on a two day visit to Ladakh and Jammu-Kashmir https://t.co/J6CsiAzIt5",Pro Ruling,"['arrives', 'rajnathsingh', 'kashmir']","[{'text': 'arrives', 'score': 0.4767}, {'text': 'rajnathsingh', 'score': 0.4044}, {'text': 'kashmir', 'score': 0.3801}]",kashmir,Pro Ruling,kashmir,Neutral ,"It is news and hence informative, not an opinion "
590064,"USA can't even count votes properly in its President election but give Gyan to Bharat on Kashmir issue.
#USElections",Pro Ruling,"['election', 'kashmir', 'count']","[{'text': 'election', 'score': 0.5783}, {'text': 'kashmir', 'score': 0.3754}, {'text': 'count', 'score': 0.2227}]",kashmir,Pro Ruling,kashmir,Neutral ,"Attacks USA and its leaders, not Kashmir "
2635708,"Modi's personal effects contain an insightful handwritten note, a poem dedicated to Bhagwaan Sri Ram.

The poetry is written on the letterhead of the BJP Jammu and Kashmir. https://t.co/1f17qzVGpD",Pro Ruling,"['poetry', 'kashmir', 'effects']","[{'text': 'poetry', 'score': 0.5623}, {'text': 'kashmir', 'score': 0.4212}, {'text': 'effects', 'score': 0.2585}]",kashmir,Pro Ruling,kashmir,For ,Supportive of Modi/BJP; indirectly supportive of the Indian political narrative in J&K.
1972925,"#JanakRani (Kiran Juneja) &amp; #PanditAmarnath (Raj Babbar) remembering their home in #Kashmir while cleaning the keys . 
Scene from my film #Sheen released in 2003. 

#KashmiriPanditGenocide 
#Refugeesintheirowncountry https://t.co/4JRUMsfcZO",Pro Ruling,"['kashmir', 'remembering', 'keys']","[{'text': 'kashmir', 'score': 0.522}, {'text': 'remembering', 'score': 0.4453}, {'text': 'keys', 'score': 0.3277}]",kashmir,Pro Ruling,kashmir,For ,Supportive of the Indian narrative in Kashmir; pro-Kashmiri Pandit perspective.
769633,"The success of RSS/BJP's Kashmir policy is explained in 17 seconds by a migrant labourer who is leaving the valley. 
(Video credit: @ainulrhbr) https://t.co/VVsK3y6KeO",Pro OPP,"['kashmir', 'migrant', 'seconds']","[{'text': 'kashmir', 'score': 0.5214}, {'text': 'migrant', 'score': 0.3682}, {'text': 'seconds', 'score': 0.3419}]",kashmir,Pro Opp,kashmir,For ,Supportive of recent political interventions in Kashmir 
817098,"Here is so-trustworthy Modi ""sitting across the table"" with Kashmir leaders a few days before suddenly arresting &amp; detaining them for months, locking down and dismembering the state. https://t.co/54HVO1Ufq0 https://t.co/NXCCHH7n5j",Pro OPP,"['kashmir', 'arresting', 'trustworthy']","[{'text': 'kashmir', 'score': 0.4855}, {'text': 'arresting', 'score': 0.3554}, {'text': 'trustworthy', 'score': 0.2102}]",kashmir,Pro Opp,kashmir,Against ,Clearly criticizing the state's actions 
1602570,"Hey @AmitShah , Do you understand the meaning of responsibility, accountability and moral values? 
I guess you have lost all. Irresponsible fatichar Home Minister...

#LakhimpurKheri #Kashmir",Pro OPP,"['responsibility', 'kashmir', 'lost']","[{'text': 'responsibility', 'score': 0.4901}, {'text': 'kashmir', 'score': 0.4055}, {'text': 'lost', 'score': 0.1911}]",kashmir,Pro Opp,kashmir,Neutral ,"It is very politically-charged against Amit Shah, but nothing is said about Kashmir "
1294390,"In 2 years, only 2 outsiders have purchased the property in Kashmir. Still, the anger against 'demographic change' has led to the killing of civilians by militants, at least 5 in the last 3 days, including Pandits, Sikhs, &amp; outsiders.",Pro OPP,"['kashmir', 'killing', 'change']","[{'text': 'kashmir', 'score': 0.5075}, {'text': 'killing', 'score': 0.2786}, {'text': 'change', 'score': 0.2004}]",kashmir,Pro Opp,kashmir,For ,Supportive of India‚Äôs presence in Kashmir; condemns militant violence.
1309396,"The experience of Kashmir for last 30 years had clearly reflected that use of force is not sufficient to control the violent rebellions. Terrorist organisation have been crushed time and again, their supporters have been put behind the bars for innumerable times, +",Pro OPP,"['kashmir', 'force', 'supporters']","[{'text': 'kashmir', 'score': 0.4509}, {'text': 'force', 'score': 0.3804}, {'text': 'supporters', 'score': 0.231}]",kashmir,Pro Opp,kashmir,For ,Pro-India; highlights security efforts in Kashmir.
2667223,Rahul Gandhi doesn‚Äôt put 6 million Kashmiris in jail to claim Kashmir! #BharatJodoYatra https://t.co/9xb2VQjvpQ,Pro OPP,"['kashmir', 'million', 'jail']","[{'text': 'kashmir', 'score': 0.4488}, {'text': 'million', 'score': 0.1743}, {'text': 'jail', 'score': 0.1618}]",kashmir,Pro Opp,kashmir,Against ,Against the ruling party and indicates the instability in the state 
317675,Sold out! https://t.co/STkML1YtrS,Pro OPP,"['sold', 'kashmir', 'justice']","[{'text': 'sold', 'score': 0.5347}, {'text': 'kashmir', 'score': 0.496}, {'text': 'justice', 'score': 0.4802}]",kashmir,Pro Opp,kashmir,Neutral ,Does not address Kashmir 
2903668,Rahul Gandhi doesn‚Äôt put 6 million Kashmiris in jail to claim Kashmir! #BharatJodoYatra https://t.co/9xb2VQjvpQ,Pro OPP,"['kashmir', 'million', 'jail']","[{'text': 'kashmir', 'score': 0.4488}, {'text': 'million', 'score': 0.1743}, {'text': 'jail', 'score': 0.1618}]",kashmir,Pro Opp,kashmir,Neutral ,Not Anti-Kashmir or anti-India; targets specific government actions.
2255121,"Dear Leader has been India's PM for 8 yrs;
Kashmir is under Central Rule for 3yrs;
Kashmir's Art370 has been revoked for 2+yrs;
Kashmir is guarded by 600,000 security forces;
But, Kashmiri Pandits are still living outside Kashmir;
What they have got is a hate film #KashmirFiles!",Pro OPP,"['kashmir', 'leader', '600']","[{'text': 'kashmir', 'score': 0.5632}, {'text': 'leader', 'score': 0.3351}, {'text': '600', 'score': 0.085}]",kashmir,Pro Opp,kashmir,For ,"Critical of Incumbent, but has a caring undertone for Kashmir "
1920212,The story of Kashmir from the years that only a few remember... #tbt https://t.co/iTfdbDuuMT,Pro OPP,"['kashmir', 'remember', 'few']","[{'text': 'kashmir', 'score': 0.6879}, {'text': 'remember', 'score': 0.3771}, {'text': 'few', 'score': 0.2151}]",kashmir,Pro Opp,kashmir,For ,Spreading awareness about Kashmir 
1247326,"Making Kashmiris forcibly sing the national anthem is an insult to the nation, not to Kashmiris!",Pro OPP,"['anthem', 'kashmiris', 'making']","[{'text': 'anthem', 'score': 0.4627}, {'text': 'kashmiris', 'score': 0.1702}, {'text': 'making', 'score': 0.0001}]",kashmir,Pro Opp,kashmir,For ,"Counters other arguemnts to blame the rest of the nation, instead of Kashmiris. "
2898929,"The Kashmir Files has not been shortlisted for Oscars; the claim made by Vivek Agnihotri and news outlets is false. And Anupam Kher announced that he's shortlisted for best actor, but that award doesn't have a shortlist in the first place | @shinjineemjmdr
https://t.co/GhkbFo2S4v",Pro OPP,"['kashmir', 'actor', 'shortlist']","[{'text': 'kashmir', 'score': 0.3855}, {'text': 'actor', 'score': 0.3809}, {'text': 'shortlist', 'score': 0.1417}]",kashmir,Pro Opp,kashmir,Neutral ,Rather iirelevant to a direct stance on Kashmir 
937314,Police said late Monday evening an #IED was detected on the #Srinagar-Airport road in the Gogoi locality in Budgam district. #Jammu&amp;Kashmir https://t.co/oQUfp6KTCG,Pro OPP,"['detected', 'airport', 'kashmir']","[{'text': 'detected', 'score': 0.439}, {'text': 'airport', 'score': 0.2054}, {'text': 'kashmir', 'score': 0.147}]",kashmir,Pro Opp,kashmir,Neutral ,News 
2922660,"JKPCC @INCJammuKashmir working president Raman Balla Ji @RamanBhalla_ was stopped by @JmuKmrPolice from meeting the protesting Kashmiri Pandits. 

I condemn",Pro OPP,"['incjammukashmir', 'protesting', 'stopped']","[{'text': 'incjammukashmir', 'score': 0.4797}, {'text': 'protesting', 'score': 0.3543}, {'text': 'stopped', 'score': 0.2641}]",kashmir,Pro Opp,kashmir,For ,"Targets government intervention, but supports Kashmiri pandits "
1844305,"AAP :- Anti Corruption Helpline
BJP :- Hindu Muslim.. Kashmir Files

AAP :- 25,000 Jobs, One MLA One Pension
BJP :- Posters of Kashmir Files

AAP :- Compensation for Farmers
BJP :- Why Kashmir Files not Tax Free

AAP :- 300 Unit Free Electricity
BJP :- Azaan, Loudspeaker bla bla.",Pro OPP,"['kashmir', 'pension', 'loudspeaker']","[{'text': 'kashmir', 'score': 0.4724}, {'text': 'pension', 'score': 0.137}, {'text': 'loudspeaker', 'score': -0.0015}]",kashmir,Pro Opp,kashmir,Neutral ,Rather iirelevant to Kashmir-based issues 
1081322,Omar Abdullah on vegetarian wazwaan and representation of Kashmir in films https://t.co/269ebw5rJe,Pro OPP,"['kashmir', 'films', 'vegetarian']","[{'text': 'kashmir', 'score': 0.5926}, {'text': 'films', 'score': 0.4489}, {'text': 'vegetarian', 'score': 0.3857}]",kashmir,Pro Opp,kashmir,For ,Promotes Omar Abdullah's views 
932461,"The spike in civilian #killings have woken up the nation to a new reality in Kashmir. Jolted by the target killings, everybody is asking: Why are things suddenly going wrong in #Kashmir? https://t.co/q4QESR22tS",Pro OPP,"['kashmir', 'killings', 'woken']","[{'text': 'kashmir', 'score': 0.5049}, {'text': 'killings', 'score': 0.4246}, {'text': 'woken', 'score': 0.1708}]",kashmir,Pro Opp,kashmir,For ,Shows concern for deteriorating death tolls in Kashmir 
1079759,"‚ÄúIf the whole purpose was to bring J&amp;K at par with the Union, then separating us by having a separate delimitation defeats the purpose of 5 August decision‚Äù: Omar Abdullah (@OmarAbdullah), 
Former #JammuAndKashmir Chief Minister, on all-party meet with PM Modi

#Article370 https://t.co/AMdWSENmAp",Pro OPP,"['kashmir', 'delimitation', 'union']","[{'text': 'kashmir', 'score': 0.4847}, {'text': 'delimitation', 'score': 0.3509}, {'text': 'union', 'score': 0.335}]",kashmir,Pro Opp,kashmir,For ,Tone is such that it wants the best for Kashmir and its people 
2051213,"Militants lobbed a #grenade near Qazigund Dak Bungalow in #Kulgam district, #JammuAndKashmir https://t.co/YtQAuBqxMW",Pro OPP,"['grenade', 'kashmir', 'bungalow']","[{'text': 'grenade', 'score': 0.6769}, {'text': 'kashmir', 'score': 0.3593}, {'text': 'bungalow', 'score': 0.2196}]",kashmir,Pro Opp,kashmir,Against ,It is reporting a security threat rather than expressing support for Kashmir‚Äôs governance or people.
2803599,"This 71-year-old former IIT professor braves nasty abuse and bitter hate as he walks around Delhi distributing pamphlets that educate people on issues such as Kashmir, NRC and Ayodhya. https://t.co/HnOOzvlNXg",Pro OPP,"['professor', 'hate', 'kashmir']","[{'text': 'professor', 'score': 0.5944}, {'text': 'hate', 'score': 0.3661}, {'text': 'kashmir', 'score': 0.2772}]",kashmir,Pro Opp,kashmir,Neutral ,Not directly concerning Kashmir 
2558688,"To those who now believe that Kashmir situation was equally bad before Dec 1989, it must be said that insurgency was always there in Kashmir, but intensity increased to unprecedented level after Dec, 1989.

In words of then PM VP Singh, quoted by Rajiv Gandhi in same speech..12/n",Pro OPP,"['kashmir', 'increased', 'bad']","[{'text': 'kashmir', 'score': 0.5682}, {'text': 'increased', 'score': 0.1472}, {'text': 'bad', 'score': 0.1271}]",kashmir,Pro Opp,kashmir,Neutral ,No clear position or opinion made on Kashmir 
2271992,"BJP ecosystem is promoting #TheKashmirFiles.Facts ‚Äî 

‚Äî BJP, an ally of VP Singh prevailed upon him to dismiss INC-NC Govt then &amp; that Jagmohan becomes Guv J&amp;K

‚Äî Kashmiri Pandits left J&amp;K during Jagmohan

‚Äî BJP has been in Central Govt for 13 years, since. Done zilch for Pandits",Pro OPP,"['kashmir', 'promoting', 'dismiss']","[{'text': 'kashmir', 'score': 0.6505}, {'text': 'promoting', 'score': 0.1448}, {'text': 'dismiss', 'score': 0.0835}]",kashmir,Pro Opp,kashmir,Neutral ,Points out political mismanagment in Kashmir 
623045,"Had never imagined that one-day Sheikh Abdullah's son Farooq Abdullah, 3-time former Chief Minister of Jammu &amp; Kashmir, would describe India as the colonial power. #ModiHaiToMumkinHai",Pro OPP,"['kashmir', 'chief', 'never']","[{'text': 'kashmir', 'score': 0.5272}, {'text': 'chief', 'score': 0.2601}, {'text': 'never', 'score': 0.031}]",kashmir,Pro Opp,kashmir,Against ,This frames India as an oppressor in the context of Kashmir. The hashtag #ModiHaiToMumkinHai may add irony or sarcasm but does not change the fact that the statement critiques India‚Äôs governance in Kashmir.
2141783,"Greater Kashmir, which calls itself the ‚Äúlargest circulated English daily‚Äù in Jammu and Kashmir, did not carry the news on any of its pages.

Rising Kashmir skipped the story too.

Rounak Bhat reports.

https://t.co/NM7nigrjZV",Pro OPP,"['kashmir', 'news', 'skipped']","[{'text': 'kashmir', 'score': 0.4684}, {'text': 'news', 'score': 0.2672}, {'text': 'skipped', 'score': 0.0927}]",kashmir,Pro Opp,kashmir,Neutral ,No critical stance on Kashmir itself 
1788401,"Hello Modi, Shah &amp; co, sometimes think about resigning too. Not a bad idea. Kashmir is under threat. Assam is under threat. 3000 kgs of drugs seized from border state Gujarat's Adani Port. Hindus are under threat since 2014. In 7 yrs the entire country has come under threat.",Pro OPP,"['kashmir', 'resigning', 'drugs']","[{'text': 'kashmir', 'score': 0.5083}, {'text': 'resigning', 'score': 0.3206}, {'text': 'drugs', 'score': 0.2554}]",kashmir,Pro Opp,kashmir,For ,"Criticaal of incumbent Government (BJP), but wants a good outcome in Kashmir."
114793,"@JKNC_ interview of Farookh Abdullah,father of @OmarAbdulla with @sardesairajdeep detail on feelings on Indian PM and HM and he presume thatKashmiri are far more away from India than they were and China exploited it 
https://t.co/fO7j01LAnn https://t.co/HpSBp4qYXO",Pro OPP,"['thatkashmiri', 'china', 'feelings']","[{'text': 'thatkashmiri', 'score': 0.4981}, {'text': 'china', 'score': 0.4008}, {'text': 'feelings', 'score': 0.1874}]",kashmir,Pro Opp,kashmir,For ,It emphasizes grievances and perceived mismanagement regarding Kashmir‚Äôs integration. It shows dispproval towards Govt. 
2273664,"AMAZING BY AAP IN J&amp;K

Location : Doda, Jammu and Kashmir

AAP Rally and Meeting. Huge Support !!

 https://t.co/yOpDoyOAUu",Pro OPP,"['kashmir', 'rally', 'amazing']","[{'text': 'kashmir', 'score': 0.4847}, {'text': 'rally', 'score': 0.4664}, {'text': 'amazing', 'score': 0.3297}]",kashmir,Pro Opp,kashmir,Neutral ,Supportive of AAP. Doesnt reveal much opinions on Kashmir itself. 
1460082,4G restored in #Kashmir after 550 days. Let that sink in.,Pro OPP,"['kashmir', '4g', 'restored']","[{'text': 'kashmir', 'score': 0.4811}, {'text': '4g', 'score': 0.4354}, {'text': 'restored', 'score': 0.4015}]",kashmir,Pro Opp,kashmir,For ,Criticizes political governance in kashmir and is clealry upset due to that. 
2163576,"All those who have created a poisonous anti-Muslim atmosphere with #KashmirFiles must watch this.

The love and affection Kashmiri Muslims and Pandits showered on #Nehru. In 1948.

SIMPLY INCREDIBLE!

Here‚Äôs the truth: Kashmir is with India because of Nehru and Shaikh Abdullah. https://t.co/XVGERNf51t",Pro OPP,"['kashmir', 'poisonous', 'atmosphere']","[{'text': 'kashmir', 'score': 0.7201}, {'text': 'poisonous', 'score': 0.2057}, {'text': 'atmosphere', 'score': 0.0683}]",kashmir,Pro Opp,kashmir,For ,Spreads awareness about a positive notion of Kashmir 
303157,Human rights in Kashmir https://t.co/6fPDwonRG2,Pro OPP,"['kashmir', 'rights', 'human']","[{'text': 'kashmir', 'score': 0.6238}, {'text': 'rights', 'score': 0.5436}, {'text': 'human', 'score': 0.2621}]",kashmir,Pro Opp,kashmir,For ,"Sarcastic, and thus conveys the absence of human rights in Kashmir.  Clerly wants a better condition in terms of human rights "
1080855,"Befitting 'BOLTI BANDH' reply by @OmarAbdullah to #NavikaKumar.

Must watch to know the lies spread by the Godi Media about #JammuAndKashmir https://t.co/cwf9ncA0eI",Pro OPP,"['kashmir', 'lies', 'media']","[{'text': 'kashmir', 'score': 0.5796}, {'text': 'lies', 'score': 0.4441}, {'text': 'media', 'score': 0.3188}]",kashmir,Pro Opp,kashmir,For ,Spreads awareness and truth of Kahmir 
597026,"Utterly disgraceful remark by senior Niti Aayog official.. truth is, its not an off the cuff remark, reveals the mindset of the establishment which is trapped in prejudice against Kashmiris. https://t.co/BX7i2LrRFU",Pro OPP,"['prejudice', 'kashmiris', 'official']","[{'text': 'prejudice', 'score': 0.4154}, {'text': 'kashmiris', 'score': 0.3023}, {'text': 'official', 'score': 0.2048}]",kashmir,Pro Opp,kashmir,For ,"Critical of Government, but wants positive results for Kashmiris "
2529268,"Who is going to answer?

#KashmiriPandit #Kashmir https://t.co/K7pK2nVk1B",Pro OPP,"['kashmir', 'pandit', 'who']","[{'text': 'kashmir', 'score': 0.7101}, {'text': 'pandit', 'score': 0.4222}, {'text': 'who', 'score': 0.3506}]",kashmir,Pro Opp,kashmir,For ,Supports Kashmiri Pandit Lives 
2245413,"Shah grandly promised to resettle 6000 people in Kashmir by 2022
#LieLikeModi 
Only 15% of homes promised are built

It was under Congress-UPA that 3800 Kashmiri Pandits were actually settled with homes, aid &amp; jobs between 2008 &amp; 2011.

Now they are fleeing
#ModiFailedIndia https://t.co/VGIDhiKZT6",Pro OPP,"['kashmir', 'resettle', 'congress']","[{'text': 'kashmir', 'score': 0.5337}, {'text': 'resettle', 'score': 0.3508}, {'text': 'congress', 'score': 0.1936}]",kashmir,Pro Opp,kashmir,For ,Politically charged but expects good results for Kashmiri state 
1080910,"A good article by @SaraHayatShah that sheds light on #BJP's dangerous project of ""cultural homogenisation"" in #Kashmir. Also on its politics of using proxies to make inroads. https://t.co/hHV6b4LTJ8",Pro OPP,"['kashmir', 'politics', 'homogenisation']","[{'text': 'kashmir', 'score': 0.5227}, {'text': 'politics', 'score': 0.3183}, {'text': 'homogenisation', 'score': 0.213}]",kashmir,Pro Opp,kashmir,For ,Wants cultural diversity in Kashmir valley 
2791135,"The situation is so worse in Kashmir that Govt. can't even conduct elections.

Shri. @Pawankhera https://t.co/q3jumj6fxX",Pro OPP,"['kashmir', 'elections', 'worse']","[{'text': 'kashmir', 'score': 0.5225}, {'text': 'elections', 'score': 0.4113}, {'text': 'worse', 'score': 0.3203}]",kashmir,Pro Opp,kashmir,Against ,"Highlights, even axaggerates the poor condition of the state "
826937,The cruelty and pain that is being inflicted on Kashmiris will come back to haunt all of us. https://t.co/g2OYCU3pbY,Pro OPP,"['inflicted', 'back', 'kashmiris']","[{'text': 'inflicted', 'score': 0.3955}, {'text': 'back', 'score': 0.3424}, {'text': 'kashmiris', 'score': 0.2673}]",kashmir,Pro Opp,kashmir,For ,Humanely supports Kashmiri lives 
2204663,"""There is no doubt that #KashmiriPandits were targeted, but Muslims were also targeted. #KashmirFiles is a propaganda movie."": AS Dulat, former RAW chief. https://t.co/W3XLNkmjW2",Pro OPP,"['kashmir', 'chief', 'targeted']","[{'text': 'kashmir', 'score': 0.5293}, {'text': 'chief', 'score': 0.2863}, {'text': 'targeted', 'score': 0.2525}]",kashmir,Pro Opp,kashmir,For ,Spreads less-knows awareness about the nuances of ethenic conflict in the state 
1081711,"Praful Khoda Patel of Muslim-majority Lakshadweep has been accused of moving to ban beef-eating and cattle transport, cracking down on protests and destroying fishing infrastructure, with politicians alleging he wants to turn the UT into ‚Äúanother Kashmir‚Äù 
https://t.co/PJgJxP4Dlr",Pro OPP,"['kashmir', 'cattle', 'politicians']","[{'text': 'kashmir', 'score': 0.3887}, {'text': 'cattle', 'score': 0.1798}, {'text': 'politicians', 'score': 0.136}]",kashmir,Pro Opp,kashmir,Against ,Refers to Kashmir in a way that creates an impression that it has already become an unstable area 
1549914,"In Kashmir, bikes have become security threats. What sort of madness is this?",Pro OPP,"['bikes', 'kashmir', 'threats']","[{'text': 'bikes', 'score': 0.4559}, {'text': 'kashmir', 'score': 0.4402}, {'text': 'threats', 'score': 0.3801}]",kashmir,Pro Opp,kashmir,Against ,Shows peculiar political and security condition in Kashmir 
1991565,From One Paradise called Kashmir to another Paradise called Arunanchal....I envy you Law Min @KirenRijiju :) https://t.co/JxV5C0HwGr,Pro OPP,"['arunanchal', 'kashmir', 'min']","[{'text': 'arunanchal', 'score': 0.5349}, {'text': 'kashmir', 'score': 0.5085}, {'text': 'min', 'score': 0.3168}]",kashmir,Pro Opp,kashmir,For ,"Refers to Kashmir as ""paradise"" "
691054,"The restoration of 4G in Kashmir was as abrupt as its suspension in August 2019.

This clearly proves there were no ‚Äúsecurity reasons‚Äù &amp; it was done by Modi-Shah purely to crush the rights of Kashmiris.

Restoring it is no benevolence. The govt must now explain what it achieved.",Pro OPP,"['kashmir', 'restoring', '4g']","[{'text': 'kashmir', 'score': 0.4841}, {'text': 'restoring', 'score': 0.3764}, {'text': '4g', 'score': 0.2868}]",kashmir,Pro Opp,kashmir,For ,Speaks for the well-beig of Kashmiri people 
802578,Every one in Kashmir is now employed. https://t.co/Y0hXaPyrp5,Pro OPP,"['kashmir', 'every', 'employed']","[{'text': 'kashmir', 'score': 0.3817}, {'text': 'every', 'score': 0.3411}, {'text': 'employed', 'score': 0.2233}]",kashmir,Pro Opp,kashmir,For ,Reports a positive news for Kashmir 
2063851,"Amidst chest thumping and cacophony in TV debates, one simple point.

BJP has now been ruling for 8 years and preaching for last 7 decades as to how Kashmir should be handled. It must now demonstrate that it‚Äôs govt can secure the lives of people in Kashmir. https://t.co/M2YotTiz1f",Pro OPP,"['kashmir', 'tv', 'cacophony']","[{'text': 'kashmir', 'score': 0.5626}, {'text': 'tv', 'score': 0.2161}, {'text': 'cacophony', 'score': 0.1308}]",kashmir,Pro Opp,kashmir,For ,Calls for positive action in the state of Kashmir 
2243027,"Police complaint against ‚Äò#TheKashmirFiles‚Äô director #VivekAgnihotri for ‚ÄòBhopali means homosexual‚Äô comment; FIR sought
https://t.co/yOSLbgSceG",Pro OPP,"['complaint', 'homosexual', 'kashmir']","[{'text': 'complaint', 'score': 0.4947}, {'text': 'homosexual', 'score': 0.3684}, {'text': 'kashmir', 'score': 0.3479}]",kashmir,Pro Opp,kashmir,Neutral ,Concerns the movie more than the state 
269728,‚ÄúIt‚Äôs all about land‚Äù: Mehbooba Mufti says plundering Kashmiris is BJP's plan in Kashmir  https://t.co/9JYOTBCcJK via @tkwmag,Pro OPP,"['kashmir', 'plundering', 'plan']","[{'text': 'kashmir', 'score': 0.6385}, {'text': 'plundering', 'score': 0.3528}, {'text': 'plan', 'score': 0.2602}]",kashmir,Pro Opp,kashmir,for ,"It portrays the ruling party as exploiting the region, highlighting grievances of Kashmiris."
2724584,"In its charge-sheet against 'The Kashmir Walla' editor, J&amp;K's probe agency claimed that the subscription model of digital media platforms can be used to ‚Äúfoment trouble‚Äù in a region. https://t.co/DpKIPHH0Nf",Pro OPP,"['media', 'kashmir', 'charge']","[{'text': 'media', 'score': 0.5373}, {'text': 'kashmir', 'score': 0.2572}, {'text': 'charge', 'score': 0.1284}]",kashmir,Pro Opp,kashmir,Neutral ,It highlights concerns over media freedom and government overreach rather than taking a stance for or against Kashmir itself.
554252,"#MyPiece - For Modi‚Äôs politics, peace and stability in Kashmir do not bring benefits, violence and despair of Kashmiri Muslims do. That is the reason Modi is celebrating first anniversary of his repeal of Article 370 at Ayodhya by building Ram temple. https://t.co/55TvQXtgDb",Pro OPP,"['kashmir', 'anniversary', 'politics']","[{'text': 'kashmir', 'score': 0.4916}, {'text': 'anniversary', 'score': 0.3141}, {'text': 'politics', 'score': 0.2001}]",kashmir,Pro Opp,kashmir,For ,"Very critical of Modi but does want to see good outcomes in Kashmir. It portrays the government as exploiting conflict, clearly opposing India‚Äôs Kashmir policy and highlighting Kashmiri grievances."
266264,"A picture of a child sitting on the chest, of his lifeless and bloodstained grandfather in Kashmir on Wednesday morning inspired a BJP spokesperson to caption it: ‚ÄúPULITZER LOVERS??‚Äù

Read story: 
https://t.co/hjVXTTO5Vv",Pro OPP,"['kashmir', 'grandfather', 'lifeless']","[{'text': 'kashmir', 'score': 0.4348}, {'text': 'grandfather', 'score': 0.328}, {'text': 'lifeless', 'score': 0.3039}]",kashmir,Pro Opp,kashmir,Neutral ,"It underscores insensitivity and poor political messaging rather than taking a direct stance on Kashmir‚Äôs status, but the tone is clearly against the BJP‚Äôs approach to Kashmir."
266186,".@OnReality_Check | ‚ÄúYou (BJP government) have a highly alienated population in Kashmir, a large number of youngsters are ready to join ranks of militants‚Äù: Omar Abdullah, Former J&amp;K Chief Minister https://t.co/seuMAzkitC",Pro OPP,"['kashmir', 'youngsters', 'onreality_check']","[{'text': 'kashmir', 'score': 0.5802}, {'text': 'youngsters', 'score': 0.301}, {'text': 'onreality_check', 'score': 0.2241}]",kashmir,Pro Opp,kashmir,Against ,"It is Anti-BJP, not anti-Kashmir "
269020,"‚ÄòU.S. Concerned about Kashmir restrictions‚Äô: Bipartisan letter to EAM Jaishankar from U.S. House Foreign Affairs Committee, reports @slakster https://t.co/bJaSVu0bZD",Pro OPP,"['kashmir', 'restrictions', 'committee']","[{'text': 'kashmir', 'score': 0.6089}, {'text': 'restrictions', 'score': 0.3512}, {'text': 'committee', 'score': 0.2193}]",kashmir,Pro Opp,kashmir,Neutral ,"Geopolitical in nature, and does not concern Kashmir too much "
1186470,"When something happened in Kashmir before the abrogation of article 370, we used to ask questions to the political class.

Now, we just express concern and sadness at the lives lost. Nobody is responsible.",Pro OPP,"['kashmir', 'political', 'nobody']","[{'text': 'kashmir', 'score': 0.3888}, {'text': 'political', 'score': 0.2814}, {'text': 'nobody', 'score': 0.2414}]",kashmir,Pro Opp,kashmir,Neutral ,"Anti Government, not Anti Kashmir"
360031,"BREAKING

Amazing News from Kashmir

AAP supported candidate @AapMehrajMalik WINS in #DDCElections2020 from Kahara, Doda

He was fighting as an Independent candidate as Party didnt get registered and Jhaadu symbol wasn't allotted

Earlier this month, AAP had won a seat in Goa..",Pro OPP,"['elections', 'kashmir', 'seat']","[{'text': 'elections', 'score': 0.4346}, {'text': 'kashmir', 'score': 0.3469}, {'text': 'seat', 'score': 0.1721}]",kashmir,Pro Opp,kashmir,Neutral ,"Supportive of AAP, has nothing to do with welfare in Kashmir directly "
223357,"With Art 370, BJP hoped to win Kashmir but is now losing Jammu: ‚ÄòAre we also anti-national?‚Äô.
https://t.co/UzHDSfA2vl",Pro OPP,"['kashmir', 'win', '370']","[{'text': 'kashmir', 'score': 0.547}, {'text': 'win', 'score': 0.2128}, {'text': '370', 'score': 0.1219}]",kashmir,Pro Opp,kashmir,Neutral ,"It is against BJP policy, not against Kashmir itself."
1226906,The cruelty and pain that is being inflicted on Kashmiris will come back to haunt all of us. https://t.co/g2OYCU3pbY,Pro OPP,"['inflicted', 'back', 'kashmiris']","[{'text': 'inflicted', 'score': 0.3955}, {'text': 'back', 'score': 0.3424}, {'text': 'kashmiris', 'score': 0.2673}]",kashmir,Pro Opp,kashmir,For ,Humanely supports Kashmiri lives 
2676065,"In 2021, Jammu and Kashmir saw the highest number of cases registered under UAPA in the country. According to police chief Dilbag Singh, a total of 1,350 UAPA cases were under investigation by the end of 2022. https://t.co/z3vHHgDRuR https://t.co/fEdxANExtB",Pro OPP,"['kashmir', 'cases', '2022']","[{'text': 'kashmir', 'score': 0.3778}, {'text': 'cases', 'score': 0.3009}, {'text': '2022', 'score': 0.2619}]",kashmir,Pro Opp,kashmir,Neutral ,Factual 
1825075,"Amidst chest thumping and cacophony in TV debates, one simple point.

BJP has now been ruling for 8 years and preaching for last 7 decades as to how Kashmir should be handled. It must now demonstrate that it‚Äôs govt can secure the lives of people in Kashmir. https://t.co/M2YotTiz1f",Pro OPP,"['kashmir', 'tv', 'cacophony']","[{'text': 'kashmir', 'score': 0.5626}, {'text': 'tv', 'score': 0.2161}, {'text': 'cacophony', 'score': 0.1308}]",kashmir,Pro Opp,kashmir,For ,Calls for positive action in the state of Kashmir 
1705993,"Kashmir ko Bharat banane nikle the parantu 
Desh ko Kashmir bana diya. https://t.co/y7vc009doF",Pro OPP,"['kashmir', 'banane', 'desh']","[{'text': 'kashmir', 'score': 0.66}, {'text': 'banane', 'score': 0.3475}, {'text': 'desh', 'score': 0.3404}]",kashmir,Pro Opp,kashmir,Against ,Insinuates Kashmir as unstable 
1661666,"BIG STATEMENT BY @ArvindKejriwal 

Slams Congress for their comments on Kashmir made by Congress Navjot Singh Sidhu's advisor

'Punjab is a Border state and political leaders should not make such loose and baseless statements. Kejriwal said we should focus on Good Governance' https://t.co/C0ctLAdY9M",Pro OPP,"['governance', 'kashmir', 'border']","[{'text': 'governance', 'score': 0.4451}, {'text': 'kashmir', 'score': 0.4191}, {'text': 'border', 'score': 0.2645}]",kashmir,Pro Opp,kashmir,For ,Focuses on Good Governance in the state of Kashmir. The focus is on protecting national cohesion and avoiding inflammatory remarks about Kashmir.
2182526,"""Ask Vivek Agnihotri to upload Kashmir Files on YouTube.‚Äù Arvind Kejriwal thundered in the Delhi assembly. Had anyone seen this tirade coming? https://t.co/YmEkabnVPv",Pro OPP,"['kashmir', 'upload', 'vivek']","[{'text': 'kashmir', 'score': 0.4741}, {'text': 'upload', 'score': 0.3387}, {'text': 'vivek', 'score': 0.281}]",kashmir,Pro Opp,kashmir,Neutral ,Does not concern a meaningful opinion on Kashmir itself. 
