source_row,tweet,tweet_label,subjects,subjects_scored,keyword,label_norm,keyword_cat,stance,stance reason
717201,"Kashmir Updates
 
 ‚û°Ô∏èAround 150 Kashmiri Pandits who lost their land to others during 1991 exodus.
 
 Property rights of these Pandits were restored by MHA after abrogation of Article 370. 
 
 ‚û°Ô∏èAround 1700 migrants returned back to Kashmir &amp; got jobs under PM Development Package.",Pro Ruling,"['kashmir', 'restored', 'migrants']","[{'text': 'kashmir', 'score': 0.5323}, {'text': 'restored', 'score': 0.4846}, {'text': 'migrants', 'score': 0.2603}]",kashmiri pandits,Pro Ruling,kashmiri pandits,Neutral,Stating an event
1994227,"#KashmirFilesClash | @shaziailmi, National Spokesperson BJP, takes on Akshay Marathe, Spokesperson AAP, on AAP's statements on The Kashmir Files and on Kashmiri Pandits; Tune in #LIVE here - https://t.co/YyXSvvu9Tr https://t.co/nz2BQo9bLx",Pro Ruling,"['kashmir', 'clash', 'files']","[{'text': 'kashmir', 'score': 0.5804}, {'text': 'clash', 'score': 0.3967}, {'text': 'files', 'score': 0.2606}]",kashmiri pandits,Pro Ruling,kashmiri pandits,Neutral,Mentions Kashmiri Pandits but without polar language (factual/neutral tone)
1675342,Powerful image from Jantar Mantar. Kashmiri Pandits protesting against recent killing. https://t.co/hxdnpSQuhu,Pro Ruling,"['protesting', 'pandits', 'killing']","[{'text': 'protesting', 'score': 0.5353}, {'text': 'pandits', 'score': 0.4693}, {'text': 'killing', 'score': 0.3513}]",kashmiri pandits,Pro Ruling,kashmiri pandits,Neutral,Mentions Kashmiri Pandits but without polar language (factual/neutral tone)
364949,Mehbooba Mufti‚Äôs politics is a true prototype of communal politics that mainstream politicians in Kashmir have been practising. Kashmiri Pandits were driven out &amp; ethnically cleansed by PDP‚Äôs friends in JKLF &amp; Hizbul Mujahideen terror outfits. They are not ‚Äúaway‚Äù for a picnic. https://t.co/jtwPRiDA0c,Pro Ruling,"['kashmir', 'politicians', 'cleansed']","[{'text': 'kashmir', 'score': 0.5687}, {'text': 'politicians', 'score': 0.3849}, {'text': 'cleansed', 'score': 0.1048}]",kashmiri pandits,Pro Ruling,kashmiri pandits,Favour,Favour cues: ['terror']
2582617,"SC that had all the time, even at midnight, to hear mercy pleas of terrorists but rejected plea seeking probe into Kashmir's Hindu genocide citing time bar. Now, in face of proof another plea has been filed by Kashmiri pandits seeking a probe. Will milords make time for justice?",Pro Ruling,"['justice', 'kashmir', 'midnight']","[{'text': 'justice', 'score': 0.3606}, {'text': 'kashmir', 'score': 0.2837}, {'text': 'midnight', 'score': 0.1936}]",kashmiri pandits,Pro Ruling,kashmiri pandits,Favour,favoring kashmiri pandits 
1399978,"It is a WRAP for #TheKashmirFiles. Gut wrenching, sad &amp; truthful experience. A true story that waited for 30 years to be told! Thank you @vivekagnihotri #PallaviJoshi for making this film. Thank you cast &amp; the crew for your love &amp; dedication. Jai Ho!!üôè #Exodus #KashmiriPandits https://t.co/G3gnMADNCW",Pro Ruling,"['kashmir', 'cast', 'wrenching']","[{'text': 'kashmir', 'score': 0.5557}, {'text': 'cast', 'score': 0.4147}, {'text': 'wrenching', 'score': 0.2721}]",kashmiri pandits,Pro Ruling,kashmiri pandits,Favour,"talking positively about a movie ""kashmir files"" which went over kashmiri pandits"
757942,"Policies are getting changed since last 7 yrs
 
 But much more time is needed to change certain mindset
 
 Eg: We say Kashmiri Pandits were thrown in 1990; Actually Kashmiri Hindus were thrown
 
 Let's start saying it
 
 We're systemically made to think in wrong way; But let us change it",Pro Ruling,"['hindus', 'changed', 'thrown']","[{'text': 'hindus', 'score': 0.4743}, {'text': 'changed', 'score': 0.356}, {'text': 'thrown', 'score': 0.189}]",kashmiri pandits,Pro Ruling,kashmiri pandits,Neutral,Mentions Kashmiri Pandits but without polar language (factual/neutral tone)
2250339,"Since #RahulBhat‚Äôs killing, the massive spontaneous protests by Kashmiri Pandits in Kashmir is a clear indicator that our younger generations are ready to take charge. We deserve new leadership that is connected to the ground &amp; has the pulse of our community. Our youth must lead.",Pro Ruling,"['kashmir', 'leadership', 'protests']","[{'text': 'kashmir', 'score': 0.455}, {'text': 'leadership', 'score': 0.3668}, {'text': 'protests', 'score': 0.3208}]",kashmiri pandits,Pro Ruling,kashmiri pandits,Neutral,Mentions Kashmiri Pandits but without polar language (factual/neutral tone)
2644527,Handshake with a terrorist and a murderer of Indian Air Force officers and Kashmiri Pandits - Yasin Malik. Just leaving it here. #TheKashmirFiles https://t.co/McZN5rBfia,Pro Ruling,"['kashmir', 'handshake', 'murderer']","[{'text': 'kashmir', 'score': 0.6439}, {'text': 'handshake', 'score': 0.4799}, {'text': 'murderer', 'score': 0.2865}]",kashmiri pandits,Pro Ruling,kashmiri pandits,Neutral,Mentions Kashmiri Pandits but without polar language (factual/neutral tone)
2607840,"Will @ArvindKejriwal be wearing the same shirt he wore while making fun of the slaughter of Kashmiri Pandits and mocking at The Kashmir Files?
 More the fool those who are impressed by this person‚Äôs repulsive politics.
 #KashmiriHindus https://t.co/lZIK4bDZ5I https://t.co/tskBPvKbce",Pro Ruling,"['hindus', 'politics', 'repulsive']","[{'text': 'hindus', 'score': 0.4963}, {'text': 'politics', 'score': 0.2101}, {'text': 'repulsive', 'score': 0.1531}]",kashmiri pandits,Pro Ruling,kashmiri pandits,Neutral,Mentions Kashmiri Pandits but without polar language (factual/neutral tone)
2041595,"#SanjayRaut continues to shame the legacy of Aadarniya #BalasahebThackeray . 
 Saying that the killings of #KashmiriPandit ‚Äòs increased post the release of #KashmirFiles is an insult to us . 
 He doesn‚Äôt fail to expose himself .",Pro Ruling,"['shame', 'kashmir', 'increased']","[{'text': 'shame', 'score': 0.4471}, {'text': 'kashmir', 'score': 0.4394}, {'text': 'increased', 'score': 0.0215}]",kashmiri pandits,Pro Ruling,kashmiri pandits,Neutral,Mentions Kashmiri Pandits but without polar language (factual/neutral tone)
1197394,"This was the reaction of a Kashmiri Hindu woman when Article 370 was abrogated.
 
 Kashmiri Pandits still want to return to their homeland. They're refugees in their own nation, awaiting their rehabilitation. https://t.co/URKSTpywGM",Pro Ruling,"['refugees', 'hindu', 'return']","[{'text': 'refugees', 'score': 0.4803}, {'text': 'hindu', 'score': 0.441}, {'text': 'return', 'score': 0.2577}]",kashmiri pandits,Pro Ruling,kashmiri pandits,Favour,"Favour cues: ['rehabilitation', 'return']"
1906594,"2008: India Today Conclave invited separatist Yasin Malik. India Today mentioned that he's a strong advocate for the right of return of Kashmiri Hindus.
 
 2015: Yasin Malik protested against the colonies for Kashmiri Pandits.
 
 2017: Yasin Malik assaulted India Today's Journalist.",Pro Ruling,"['hindus', 'separatist', 'journalist']","[{'text': 'hindus', 'score': 0.4598}, {'text': 'separatist', 'score': 0.4083}, {'text': 'journalist', 'score': 0.2708}]",kashmiri pandits,Pro Ruling,kashmiri pandits,Favour,seen to be fighting for kashmiri pandits return 
2323688,"Kashmiri Pandits protest against Rahul Bhat's killing in J-K's Budgam
 
 Read @ANI Story | https://t.co/L8Zk2dB53w
 
 #KashmiriPandits #Kashmir #RahulBhat https://t.co/XILzyaMKnv",Pro Ruling,"['kashmir', 'protest', 'killing']","[{'text': 'kashmir', 'score': 0.4876}, {'text': 'protest', 'score': 0.4061}, {'text': 'killing', 'score': 0.2618}]",kashmiri pandits,Pro Ruling,kashmiri pandits,Neutral,just states an event without any stance
2263210,". @narendramodi ji‚Äôs big statement on #KashmirFiles 
 
 Why is LeLi ecosystem sabotaging the movie?
 
 @vivekagnihotri has made it after 4 yrs of 5000 hours of intense research, 700 interviews with #KashmiriPandits 
 
 I openly challenge LeLis
 
 Mention any incident that‚Äôs FAKE https://t.co/HWMLAmHltA",Pro Ruling,"['kashmir', 'fake', '700']","[{'text': 'kashmir', 'score': 0.4662}, {'text': 'fake', 'score': 0.1757}, {'text': '700', 'score': 0.1216}]",kashmiri pandits,Pro Ruling,kashmiri pandits,Against,Against cues: ['fake']
155769,#KanganaRanaut calls out selective secularism of Bollywood and so-called liberals and urges @narendramodi @PMOIndia to take strict action against atrocities done on #KashmiriPandits and their safe return to their homeland. #AjayPandita #JusticeForAjayPandita https://t.co/gy6PxxkzEh,Pro Ruling,"['narendramodi', 'liberals', 'return']","[{'text': 'narendramodi', 'score': 0.5952}, {'text': 'liberals', 'score': 0.2785}, {'text': 'return', 'score': 0.0296}]",kashmiri pandits,Pro Ruling,kashmiri pandits,Favour ,fighting for kashmiri pandits return 
2234037,"TRUTH ECHOES: The reaction of the media at the press conference of #TheKashmirFiles was really gratifying. They were equally moved, shocked and teary eyed at the end of watching the 20mins documentary of the families of #KashmiriPandits. Pain connects people!üíî #Exodus #Kashmir https://t.co/28xNADjPYy",Pro Ruling,"['kashmir', 'media', 'pain']","[{'text': 'kashmir', 'score': 0.4913}, {'text': 'media', 'score': 0.4591}, {'text': 'pain', 'score': 0.2832}]",kashmiri pandits,Pro Ruling,kashmiri pandits,Favour,Favour cues: ['exodus']
8991,"30 years ago this day, Jan 19, 1990, mosques started blaring threats to #KashmiriPandits: convert to Islam or get out. Destruction of Pandit homes &amp; lives began. So did the #KashmiriHinduExodus, exiling the Valley‚Äôs intellectual but gentle core. Read! https://t.co/NZLzV91IeL",Pro Ruling,"['hindu', 'threats', 'exiling']","[{'text': 'hindu', 'score': 0.4756}, {'text': 'threats', 'score': 0.3235}, {'text': 'exiling', 'score': 0.2683}]",kashmiri pandits,Pro Ruling,kashmiri pandits,Favour,talks about the atrocities and hardships they faced
2926544,"#33Yearsofexile &amp; the situation of #KashmiriPandits remain the same in #Kashmir as it was in late 80‚Äôs &amp; 90‚Äôs . 
 #SanjaySharma is the latest victim of govts apathy. 
 The cries and screams of a KP continues to echo &amp; the govt says ‚ÄúSab theek thak hai ‚Äú 
 
 @Ameak_Displaced https://t.co/2855wzaRbK",Pro Ruling,"['kashmir', 'ameak_displaced', 'screams']","[{'text': 'kashmir', 'score': 0.5782}, {'text': 'ameak_displaced', 'score': 0.4422}, {'text': 'screams', 'score': 0.3113}]",kashmiri pandits,Pro Ruling,kashmiri pandits,Favour,Favour cues: ['victim']
1352221,"Hindus r left alone to defend for themselves. 
 
 What happened in Kashmir 31 years ago where thousands of Hindus were murdered, raped &amp; lacs of them were driven away, is a stark reminder for Hindus to unite
  #KashmiriPandits 
 #KashmiriHindusExodus_31Yrs 
 https://t.co/gsE2xNaW3C",Pro Ruling,"['hindus', 'alone', 'murdered']","[{'text': 'hindus', 'score': 0.5604}, {'text': 'alone', 'score': 0.1711}, {'text': 'murdered', 'score': 0.1677}]",kashmiri pandits,Pro Ruling,kashmiri pandits,Neutral,No clear reference to Kashmiri Pandits and no stance cues
310,#KanganaRanaut calls out selective secularism of Bollywood and so-called liberals and urges @narendramodi @PMOIndia to take strict action against atrocities done on #KashmiriPandits and their safe return to their homeland. #AjayPandita #JusticeForAjayPandita https://t.co/gy6PxxkzEh,Pro Ruling,"['narendramodi', 'liberals', 'return']","[{'text': 'narendramodi', 'score': 0.5952}, {'text': 'liberals', 'score': 0.2785}, {'text': 'return', 'score': 0.0296}]",kashmiri pandits,Pro Ruling,kashmiri pandits,Favour,fighting for kashmiri pandits return 
2476881,"WB Guv. #KashmirFiles Film needs to be watched by all to inflame spirit of Nationalism, freedom of liberty &amp; human rights. Highly impactful depiction of the horrendous reality of exodus and genocide of Kashmiri pandits. @AnupamPKher @vivekagnihotri #KashmiriPandit #Kashmir https://t.co/S5rdT4leeq",Pro Ruling,"['kashmir', 'watched', 'inflame']","[{'text': 'kashmir', 'score': 0.5733}, {'text': 'watched', 'score': 0.362}, {'text': 'inflame', 'score': 0.1881}]",kashmiri pandits,Pro Ruling,kashmiri pandits,Favour,"Favour cues: ['exodus', 'genocide', 'rights']"
2553358,Kashmiri Pandits had organised a protest at Taj Palace Hotel in New Delhi when India Today invited terrorist Yasin Malik as guest speaker. UPA Govt remained silent. India Today didn‚Äôt reconsider invite. Cops forcibly removed KPs. Watch what Yasin Malik did in #TheKashmirFiles. https://t.co/CSKj92fEFW,Pro Ruling,"['kashmir', 'protest', 'hotel']","[{'text': 'kashmir', 'score': 0.5026}, {'text': 'protest', 'score': 0.3576}, {'text': 'hotel', 'score': 0.1089}]",kashmiri pandits,Pro Ruling,kashmiri pandits,Favour,talks about their struggle and how no one supported them 
247350,#KanganaRanaut calls out selective secularism of Bollywood and so-called liberals and urges @narendramodi @PMOIndia to take strict action against atrocities done on #KashmiriPandits and their safe return to their homeland. #AjayPandita #JusticeForAjayPandita https://t.co/gy6PxxkzEh,Pro Ruling,"['narendramodi', 'liberals', 'return']","[{'text': 'narendramodi', 'score': 0.5952}, {'text': 'liberals', 'score': 0.2785}, {'text': 'return', 'score': 0.0296}]",kashmiri pandits,Pro Ruling,kashmiri pandits,Favour ,fighting for kashmiri pandits return 
2238208,"Farooq Abdullah‚Äôs hand on terrorist Yasin Malik‚Äôs shoulder.
 
 Yasin Malik is a JKLF terrorist who killed Kashmiri Pandits, Indian Air Force men, Kashmiri Muslim women &amp; kidnapped Rubaiya Sayeed.
 
 What is Farooq Abdullah‚Äôs link with JKLF?
 
 Why did he abandon Kashmiri Hindus to die? https://t.co/Raee6PH8hO",Pro Ruling,"['muslim', 'force', 'kidnapped']","[{'text': 'muslim', 'score': 0.4408}, {'text': 'force', 'score': 0.1515}, {'text': 'kidnapped', 'score': 0.127}]",kashmiri pandits,Pro Ruling,kashmiri pandits,Favour,Questioning people that did harm to the kashmiri pandits
2513955,"Aadarniya #DilipWalsePatil ji (N.C.P) 
 I am concerned about you as you are surrounded by uneducated jokers who have misinformed you about @vivekagnihotri‚Äôs #KashmirFiles. 
 The film is not about partition in 1947 but it‚Äôs about genocide of #KashmiriPandits in #KMR. 
 Be careful. https://t.co/btlnYJ09PY",Pro Ruling,"['kashmir', 'misinformed', 'jokers']","[{'text': 'kashmir', 'score': 0.5004}, {'text': 'misinformed', 'score': 0.3035}, {'text': 'jokers', 'score': 0.2462}]",kashmiri pandits,Pro Ruling,kashmiri pandits,Favour,Favour cues: ['genocide']
2546462,"Slogans of Terror Raised again in Kashmir.
 
 Similar slogans were used against #KashmiriPandits in 1990.
  https://t.co/x4autEOs85",Pro Ruling,"['kashmir', 'slogans', 'again']","[{'text': 'kashmir', 'score': 0.4983}, {'text': 'slogans', 'score': 0.4678}, {'text': 'again', 'score': 0.2836}]",kashmiri pandits,Pro Ruling,kashmiri pandits,Neutral,Weak/indirect cues without explicit Kashmiri Pandit reference
2192166,Remembering Balasaheb Thackeray. One leader in India who selflessly came forward to help Kashmiri Pandits after brutal exodus in 1990. Hindus from Kashmir will never forget his focus on getting easy access to education for KPs. Jagmohan and Balasaheb remain forever heroes. https://t.co/gWWPIl2z8U,Pro Ruling,"['hindus', 'leader', 'kps']","[{'text': 'hindus', 'score': 0.6242}, {'text': 'leader', 'score': 0.3696}, {'text': 'kps', 'score': 0.2133}]",kashmiri pandits,Pro Ruling,kashmiri pandits,Favour,"Favour cues: ['exodus', 'help']"
2475814,WB Guv Shri Jagdeep Dhankhar &amp; Dr Sudesh Dhankhar will watch #KashmirFiles at Quest Mall-INSIGNIA today at 2 PM Film has created public awareness about reality behind 1990 exodus of Kashmiri pandits from the valley. @AnupamPKher @vivekagnihotri #KashmiriPandit #Kashmir https://t.co/isGTFA3WyJ,Pro Ruling,"['kashmir', 'watch', 'mall']","[{'text': 'kashmir', 'score': 0.6162}, {'text': 'watch', 'score': 0.3826}, {'text': 'mall', 'score': 0.1757}]",kashmiri pandits,Pro Ruling,kashmiri pandits,Favour,Favour cues: ['exodus']
1928592,"Did you witness the scene of 24 Kashmiri Pandits including two toddlers being killed by Islamist terrorists in #TheKashmirFiles? 
 
 Today is the 19th anniversary of the brutal terror attack. This is the original Associated Press footage of the Nadimarg massacre in South Kashmir. https://t.co/CgrQyLZWRJ",Pro Ruling,"['kashmir', 'killed', 'toddlers']","[{'text': 'kashmir', 'score': 0.5032}, {'text': 'killed', 'score': 0.3101}, {'text': 'toddlers', 'score': 0.1974}]",kashmiri pandits,Pro Ruling,kashmiri pandits,Favour,"Favour cues: ['attack', 'killed', 'massacre', 'terror', 'terrorists']"
2323606,WB Guv Shri Jagdeep Dhankhar &amp; Dr Sudesh Dhankhar will watch #KashmirFiles at Quest Mall-INSIGNIA today at 2 PM Film has created public awareness about reality behind 1990 exodus of Kashmiri pandits from the valley. @AnupamPKher @vivekagnihotri #KashmiriPandit #Kashmir https://t.co/isGTFA3WyJ,Pro Ruling,"['kashmir', 'watch', 'mall']","[{'text': 'kashmir', 'score': 0.6162}, {'text': 'watch', 'score': 0.3826}, {'text': 'mall', 'score': 0.1757}]",kashmiri pandits,Pro Ruling,kashmiri pandits,Favour,Favour cues: ['exodus']
1971472,"India‚Äôs silence on constant atrocities of #Hindus in #Bengal is similar to the silence in the year 1990 when #KashmiriPandits suffered the worst genocide . 
 The nation should stand up and not wait for a film called #Bengalfiles after 32 yrs to respond .
 #BirbhumMassacre",Pro Ruling,"['hindus', 'massacre', 'silence']","[{'text': 'hindus', 'score': 0.5478}, {'text': 'massacre', 'score': 0.4692}, {'text': 'silence', 'score': 0.3931}]",kashmiri pandits,Pro Ruling,kashmiri pandits,Favour,talks about kashmir pandits struggles
2448163,"It's possible to investigate into the killings of Kashmiri Pandits after more than three decades. It's difficult but not impossible. 
 
 No crime is too old to be investigated.
 #KashmirFiles",Pro Ruling,"['kashmir', 'investigated', 'killings']","[{'text': 'kashmir', 'score': 0.4741}, {'text': 'investigated', 'score': 0.4237}, {'text': 'killings', 'score': 0.3304}]",kashmiri pandits,Pro Ruling,kashmiri pandits,Favour ,fighting for kashmiri pandits 
2248598,"When one feels, they have hit rock-bottom and can only rise from here, they invent ways to hit newer lows. A pity they choose to hurt sentiments of Kashmiri Pandits again. 
 #KashmirFiles is an eye-opener and probably just a tip of the iceberg. https://t.co/GwR1JHqE5T",Pro Ruling,"['kashmir', 'hurt', 'lows']","[{'text': 'kashmir', 'score': 0.5654}, {'text': 'hurt', 'score': 0.2322}, {'text': 'lows', 'score': 0.2196}]",kashmiri pandits,Pro Ruling,kashmiri pandits,Neutral,Mentions Kashmiri Pandits but without polar language (factual/neutral tone)
164921,#KanganaRanaut calls out selective secularism of Bollywood and so-called liberals and urges @narendramodi @PMOIndia to take strict action against atrocities done on #KashmiriPandits and their safe return to their homeland. #AjayPandita #JusticeForAjayPandita https://t.co/gy6PxxkzEh,Pro Ruling,"['narendramodi', 'liberals', 'return']","[{'text': 'narendramodi', 'score': 0.5952}, {'text': 'liberals', 'score': 0.2785}, {'text': 'return', 'score': 0.0296}]",kashmiri pandits,Pro Ruling,kashmiri pandits,Favour,fighting for kashmiri pandits return 
2534565,"2008: India Today Conclave invited separatist Yasin Malik. India Today mentioned that he's a strong advocate for the right of return of Kashmiri Hindus.
 
 2015: Yasin Malik protested against the colonies for Kashmiri Pandits.
 
 2017: Yasin Malik assaulted India Today's Journalist.",Pro Ruling,"['hindus', 'separatist', 'journalist']","[{'text': 'hindus', 'score': 0.4598}, {'text': 'separatist', 'score': 0.4083}, {'text': 'journalist', 'score': 0.2708}]",kashmiri pandits,Pro Ruling,kashmiri pandits,Favour,Favour cues: ['return']
427732,#KanganaRanaut calls out selective secularism of Bollywood and so-called liberals and urges @narendramodi @PMOIndia to take strict action against atrocities done on #KashmiriPandits and their safe return to their homeland. #AjayPandita #JusticeForAjayPandita https://t.co/gy6PxxkzEh,Pro Ruling,"['narendramodi', 'liberals', 'return']","[{'text': 'narendramodi', 'score': 0.5952}, {'text': 'liberals', 'score': 0.2785}, {'text': 'return', 'score': 0.0296}]",kashmiri pandits,Pro Ruling,kashmiri pandits,Favour,fighting for kashmiri pandits return 
1638395,"#BREAKING: Two teachers killed in broad daylight in Srinagar, Kashmir - both from minority community of Sikh and Kashmiri Pandits. The teachers identified as Satinder Kour and Deepak Chand. IG Kashmir Vijay Kumar confirms the development. Security forces have reached the spot. https://t.co/HFZ32VpTMi",Pro Ruling,"['teachers', 'kashmir', 'killed']","[{'text': 'teachers', 'score': 0.4546}, {'text': 'kashmir', 'score': 0.3502}, {'text': 'killed', 'score': 0.2401}]",kashmiri pandits,Pro Ruling,kashmiri pandits,neutral,Stating an event
2012870,"#LIVE | For BJP &amp; ministers, Himachal elections are a priority. Their focus is on making sure Satyendar Jain rots in the jail. At least wake up now and think about the security of Kashmiri Pandits: AAP hits out at Smriti Irani's presser #SatyendarFiles 
 https://t.co/hBNv8QrX25 https://t.co/aQRss1rBZH",Pro Ruling,"['elections', 'himachal', 'yen']","[{'text': 'elections', 'score': 0.481}, {'text': 'himachal', 'score': 0.4101}, {'text': 'yen', 'score': 0.1468}]",kashmiri pandits,Pro Ruling,kashmiri pandits,Favour,fighting for kashmiri pandits 
347409,Know the &amp;#039;pain of Kashmiri Pandits&amp;#039; in words of Anupam Kher https://t.co/nMXhuxYB2B,Pro Ruling,"['kashmiri', 'pain', '039']","[{'text': 'kashmiri', 'score': 0.5461}, {'text': 'pain', 'score': 0.4483}, {'text': '039', 'score': 0.3178}]",kashmiri pandits,Pro Ruling,kashmiri pandits,Favour,fighting for kashmiri pandits - to know their pain which they faced 
2291436,"Some Members asked- if there was no Congress, what would happen...
 
 I would like to say, if there was no Congress there would be no Emergency, there would be no caste politics, Sikhs would never have been massacred, the problems of Kashmiri Pandits would not have happened: PM",Pro Ruling,"['congress', 'would', 'massacred']","[{'text': 'congress', 'score': 0.4467}, {'text': 'would', 'score': 0.2837}, {'text': 'massacred', 'score': 0.1757}]",kashmiri pandits,Pro Ruling,kashmiri pandits,Favour,stating nothing would have happened to kashmiri pandits if congress didnt exist
2883136,UK MP @BobBlackman speaks at an event marking the genocide of Kashmiri Pandits in UK Parliament campus; Lauds removal of article 370 by Indian Govt. https://t.co/oLgwaOf2QL https://t.co/8GZAb9kkeU,Pro Ruling,"['bobblackman', 'speaks', 'indian']","[{'text': 'bobblackman', 'score': 0.4394}, {'text': 'speaks', 'score': 0.4371}, {'text': 'indian', 'score': 0.262}]",kashmiri pandits,Pro Ruling,kashmiri pandits,Favour,Favour cues: ['genocide']
1935275,"Constitution was there.
 Secularism was there.
 Police was there.
 Army was there.
 J&amp;K High Court was there.
 Supreme Court was there.
 
 Yet, #KashmiriPandits had to flee.
 
 #KashmirExodus1990",Pro Ruling,"['kashmir', 'secularism', 'court']","[{'text': 'kashmir', 'score': 0.4719}, {'text': 'secularism', 'score': 0.3746}, {'text': 'court', 'score': 0.2089}]",kashmiri pandits,Pro Ruling,kashmiri pandits,Favour,fighting for kashmiri pandits
45945,#KanganaRanaut calls out selective secularism of Bollywood and so-called liberals and urges @narendramodi @PMOIndia to take strict action against atrocities done on #KashmiriPandits and their safe return to their homeland. #AjayPandita #JusticeForAjayPandita https://t.co/gy6PxxkzEh,Pro Ruling,"['narendramodi', 'liberals', 'return']","[{'text': 'narendramodi', 'score': 0.5952}, {'text': 'liberals', 'score': 0.2785}, {'text': 'return', 'score': 0.0296}]",kashmiri pandits,Pro Ruling,kashmiri pandits,Favour,fighting for kashmiri pandits return 
1932596,"Arvind Kejriwal calls ‚ÄòThe Kashmir Files‚Äô a ‚Äújhoothi‚Äù film, makes fun of Kashmiri Pandits Genocide, refuses to make it tax-free, had earlier made movies like ‚Äô83, Saand Ki Aankh tax-free. 
 
 #TheKashmiriFiles #ArvindKejriwal https://t.co/cpUQ9aSSaD",Pro Ruling,"['kashmir', 'movies', 'tax']","[{'text': 'kashmir', 'score': 0.5409}, {'text': 'movies', 'score': 0.295}, {'text': 'tax', 'score': 0.1396}]",kashmiri pandits,Pro Ruling,kashmiri pandits,Against,making fun of kashmiri pandits
2523924,"Kashmiri Pandits lost home and hearth back in 1990 in Kashmir.
 
 Even after 32 years Kashmiri Hindus continue to be killed in Kashmir.
 
 Now Kashmiri Pandits employees demanding justice are lathicharged and tear-gassed.
 
 Poor Kashmiri Pandit Govt employees forced to stay in valley.",Pro Ruling,"['kashmir', 'killed', 'employees']","[{'text': 'kashmir', 'score': 0.5477}, {'text': 'killed', 'score': 0.1254}, {'text': 'employees', 'score': 0.067}]",kashmiri pandits,Pro Ruling,kashmiri pandits,Favour,"Favour cues: ['forced', 'justice', 'killed']"
1475671,"Kashmiri pandits don't have human rights
 
 Bengali Hindus under Mamata don't have human rights
 
 But people who attack these Hindus have human rights
 
 Liberal logic!",Pro Ruling,"['hindus', 'liberal', 'under']","[{'text': 'hindus', 'score': 0.5842}, {'text': 'liberal', 'score': 0.317}, {'text': 'under', 'score': -0.0363}]",kashmiri pandits,Pro Ruling,kashmiri pandits,Favour,"Favour cues: ['attack', 'rights']"
2207129,"Some Members asked- if there was no Congress, what would happen...
 
 I would like to say, if there was no Congress there would be no Emergency, there would be no caste politics, Sikhs would never have been massacred, the problems of Kashmiri Pandits would not have happened: PM",Pro Ruling,"['congress', 'would', 'massacred']","[{'text': 'congress', 'score': 0.4467}, {'text': 'would', 'score': 0.2837}, {'text': 'massacred', 'score': 0.1757}]",kashmiri pandits,Pro Ruling,kashmiri pandits,Favour,stating nothing would have happened to kashmiri pandits if congress didnt exist
1009312,"#Bengal was an election of low margins
 
 TMC won 92 seats with margin less than 2,500
 
 BJP won 27
 
 If demographics is the reason then Minority voted as one &amp; Majority separated.
 
 Now all #Hindus in Bengal are in peril Kashmiri Pandits
 
 What will BJP do?
 
 It is truly #BengalBurning https://t.co/7qzI7DaGJm",Pro Ruling,"['hindus', 'election', 'seats']","[{'text': 'hindus', 'score': 0.4868}, {'text': 'election', 'score': 0.3999}, {'text': 'seats', 'score': 0.1799}]",kashmiri pandits,Pro Ruling,kashmiri pandits,Favour,Favour cues: ['minority']
2230515,"10000 movies showed Brahmins as evil crooks, Thakurs as rapist goons and Baniyas as lecherous charlatans but it did not spread hate.
 
 One movie showed Hindus as victims and it's spreading hate.
 
 #TheKashmirFiles #KashmiriPandits",Pro Ruling,"['hindus', 'crooks', 'hate']","[{'text': 'hindus', 'score': 0.4532}, {'text': 'crooks', 'score': 0.3974}, {'text': 'hate', 'score': 0.2689}]",kashmiri pandits,Pro Ruling,kashmiri pandits,Favour,Favour cues: ['victims']
2039504,"#TheKashmirFiles is an indictment of apologists of #jihadi violence against #KashmiriPandits. These apologists ‚Äîlike Holocaust deniers‚Äî are everywhere: senior TV journalists, mainstream filmmakers &amp; minority politicians. Like Holocaust deniers they should be exposed &amp; ostracised.",Pro Ruling,"['kashmir', 'journalists', 'indictment']","[{'text': 'kashmir', 'score': 0.6009}, {'text': 'journalists', 'score': 0.4391}, {'text': 'indictment', 'score': 0.2817}]",kashmiri pandits,Pro Ruling,kashmiri pandits,Favour,Favour cues: ['minority']
1970175,"Breaking : Srinagar Kashmir : Slogans of Terror Raised again 
 
 Slogans similar to those that were used against Kashmiri Pandits, again raised in Jamia Masjid in Srinagar today after Friday Prayers https://t.co/Vs6vTYSkPA",Pro Ruling,"['kashmir', 'slogans', 'prayers']","[{'text': 'kashmir', 'score': 0.4609}, {'text': 'slogans', 'score': 0.3898}, {'text': 'prayers', 'score': 0.2705}]",kashmiri pandits,Pro Ruling,kashmiri pandits,Favour,Favour cues: ['terror']
2119029,"PM @narendramodi wishes everyone especially Kashmiri Pandit sisters and brothers on Jyeshtha Ashtami
 
 https://t.co/snbK5rMh42",Pro Ruling,"['narendramodi', 'wishes', 'sisters']","[{'text': 'narendramodi', 'score': 0.5782}, {'text': 'wishes', 'score': 0.4603}, {'text': 'sisters', 'score': 0.3348}]",kashmiri pandits,Pro Ruling,kashmiri pandits,Neutral,Mentions Kashmiri Pandits but without polar language (factual/neutral tone)
1994100,"By mocking the plight of Kashmiri Hindus, by calling ethnic cleansing of Kashmiri Pandits ‚Äòpropaganda‚Äô Kejriwal is speaking the language of Islamist organisations. He has chosen his side. #KejriwalAgainstHindus",Pro Ruling,"['hindus', 'mocking', 'organisations']","[{'text': 'hindus', 'score': 0.5477}, {'text': 'mocking', 'score': 0.2552}, {'text': 'organisations', 'score': 0.1323}]",kashmiri pandits,Pro Ruling,kashmiri pandits,Neutral,"Mixed cues: favour=['cleansing', 'ethnic', 'plight'], against=['propaganda']"
2135431,"Some Members asked- if there was no Congress, what would happen...
 
 I would like to say, if there was no Congress there would be no Emergency, there would be no caste politics, Sikhs would never have been massacred, the problems of Kashmiri Pandits would not have happened: PM",Pro Ruling,"['congress', 'would', 'massacred']","[{'text': 'congress', 'score': 0.4467}, {'text': 'would', 'score': 0.2837}, {'text': 'massacred', 'score': 0.1757}]",kashmiri pandits,Pro Ruling,kashmiri pandits,Favour,stating nothing would have happened to kashmiri pandits if congress didnt exist
2127795,"Some Members asked- if there was no Congress, what would happen...
 
 I would like to say, if there was no Congress there would be no Emergency, there would be no caste politics, Sikhs would never have been massacred, the problems of Kashmiri Pandits would not have happened: PM",Pro Ruling,"['congress', 'would', 'massacred']","[{'text': 'congress', 'score': 0.4467}, {'text': 'would', 'score': 0.2837}, {'text': 'massacred', 'score': 0.1757}]",kashmiri pandits,Pro Ruling,kashmiri pandits,Favour,stating nothing would have happened to kashmiri pandits if congress didnt exist
1191627,"Her father Mufti Muhammad Saeed became Home Minister of India on Dec 2, 1989. 
 
 Exodus of Kashmiri Pandits began on Jan 19,1990. 
 
 That's how focussed these Islamists are. 
 
 Demograpy is destiny. She knows it. Kafirs don't. https://t.co/c36CZTq1nS",Pro Ruling,"['india', 'islamists', 'demograpy']","[{'text': 'india', 'score': 0.4476}, {'text': 'islamists', 'score': 0.4427}, {'text': 'demograpy', 'score': 0.2173}]",kashmiri pandits,Pro Ruling,kashmiri pandits,Favour,Favour cues: ['exodus']
252424,"Sacred thread soaked in blood which is tied on d arm of #ShahidAjayPandita reflects d pain, agony &amp; suffering of 7 lac #KashmiriPandits since last 30 yrs. 
 D screams of #SarlaBhat #PremnathBhat #TikalalTaploo &amp;many others stl echoes in our ears. 
 #KashmiriHinduLivesMatter https://t.co/ApUJ18QA97",Pro Ruling,"['hindu', 'echoes', 'pain']","[{'text': 'hindu', 'score': 0.5519}, {'text': 'echoes', 'score': 0.3687}, {'text': 'pain', 'score': 0.3616}]",kashmiri pandits,Pro Ruling,kashmiri pandits,Favour,Talks about their pain and struggles
180135,"It's not a Hindu Muslim love story, Vivek. It's the FIRST AUTHENTIC FILM on the exodus of Kashmiri Pandits. Hope you will delete your tweet. https://t.co/APLSkLanDI",Pro Ruling,"['hindu', 'tweet', 'delete']","[{'text': 'hindu', 'score': 0.4898}, {'text': 'tweet', 'score': 0.2622}, {'text': 'delete', 'score': 0.2561}]",kashmiri pandits,Pro Ruling,kashmiri pandits,Favour,Favour cues: ['exodus']
2556657,"The team that has been raising the voice of Kashmiri Pandits relentlessly, comes together on #DNA 
 A very special episode on #TheKashmirFiles with @vivekagnihotri and @AnupamPKher https://t.co/yL10K9zAAj",Pro Ruling,"['kashmir', 'team', 'relentlessly']","[{'text': 'kashmir', 'score': 0.4638}, {'text': 'team', 'score': 0.4125}, {'text': 'relentlessly', 'score': 0.3}]",kashmiri pandits,Pro Ruling,kashmiri pandits,Neutral,Mentions Kashmiri Pandits but without polar language (factual/neutral tone)
1918874,"#JammuKashmir | Panic-stricken Kashmiri Pandits working under the PM package reached Jammu due to targeted killings in #Kashmir.
 
 ""Today's Kashmir is more dangerous than in the 1990s. The most important question is why our people were locked in our colonies?: Ajay
 
 (ANI) https://t.co/hk1bnuGVxg",Pro OPP,"['kashmir', 'panic', 'colonies']","[{'text': 'kashmir', 'score': 0.5822}, {'text': 'panic', 'score': 0.3138}, {'text': 'colonies', 'score': 0.2263}]",kashmiri pandits,Pro Opp,kashmiri pandits,Favour,Favour cues: ['targeted']
2533713,"It was Congress who built Township for Kashmiri Pandits . It was PM Manmohan Singh who handed over Flats to Kashmiri Pandits.
 
 What BJP did in last 8 year ?
 
 #TheKashmirFiles https://t.co/M1Xx39IIm2",Pro OPP,"['kashmir', 'congress', 'handed']","[{'text': 'kashmir', 'score': 0.5577}, {'text': 'congress', 'score': 0.3744}, {'text': 'handed', 'score': 0.0725}]",kashmiri pandits,Pro Opp,kashmiri pandits,Neutral,Mentions Kashmiri Pandits but without polar language (factual/neutral tone)
2620689,"Home minister Amit Shah didn‚Äôt meet Kashmiri Pandits during his trip to Kashmir‚Ä¶. 
 
 BJP has always ignored their plight. 
 
 Shame",Pro OPP,"['kashmir', 'ignored', 'shame']","[{'text': 'kashmir', 'score': 0.4512}, {'text': 'ignored', 'score': 0.2462}, {'text': 'shame', 'score': 0.1786}]",kashmiri pandits,Pro Opp,kashmiri pandits,Favour,Favour cues: ['plight']
567698,A Himchali Migrant Banging Thali to protest against Sonu Sood for not sending Kashmiri Pandits back to their native home.(2020) https://t.co/wCE6QSNJZl,Pro OPP,"['pandits', 'protest', 'migrant']","[{'text': 'pandits', 'score': 0.4618}, {'text': 'protest', 'score': 0.4417}, {'text': 'migrant', 'score': 0.383}]",kashmiri pandits,Pro Opp,kashmiri pandits,Neutral,Mentions Kashmiri Pandits but without polar language (factual/neutral tone)
2651937,"Massive protests by #KashmiriPandits erupted in various parts of J&amp;K on Thursday night after a government employee identified as #RahulBhat was shot dead inside his office by militants in the #Chadoora area of central Kashmir.
 Read more here: https://t.co/l94P7c5vgu https://t.co/ilc2Q8KiNX",Pro OPP,"['protests', 'kashmir', 'employee']","[{'text': 'protests', 'score': 0.4971}, {'text': 'kashmir', 'score': 0.3393}, {'text': 'employee', 'score': 0.1579}]",kashmiri pandits,Pro Opp,kashmiri pandits,Neutral,No clear reference to Kashmiri Pandits and no stance cues
1981381,"Amit Malviya and Kapil Mishra misrepresented Delhi CM Kejriwal's assembly address where he criticised BJP members for promoting 'The Kashmir Files'. They falsely claimed Kejriwal denied atrocities faced by Kashmiri Pandits. #AltNewsFactCheck | @ArchitMeta
 https://t.co/YBOPGTfgyO",Pro OPP,"['misrepresented', 'kashmir', 'assembly']","[{'text': 'misrepresented', 'score': 0.4614}, {'text': 'kashmir', 'score': 0.4457}, {'text': 'assembly', 'score': 0.0404}]",kashmiri pandits,Pro Opp,kashmiri pandits,Neutral,Mentions Kashmiri Pandits but without polar language (factual/neutral tone)
2054515,"PM Manmohan Singh inaugurating Township and handing out flats for Kashmiri Pandits in 2011
 
 How many such township built by BJP in last 8 years ?
 
 YouTube https://t.co/K8lfe2mDvw
 
 #TheKashmirFiles https://t.co/DnFDNJrNpY",Pro OPP,"['kashmir', 'township', 'youtube']","[{'text': 'kashmir', 'score': 0.5497}, {'text': 'township', 'score': 0.4157}, {'text': 'youtube', 'score': 0.0761}]",kashmiri pandits,Pro Opp,kashmiri pandits,Neutral,Mentions Kashmiri Pandits but without polar language (factual/neutral tone)
2510707,"PM Manmohan Singh inaugurating Township and handing out flats for Kashmiri Pandits in 2011
 
 How many such township built by BJP in last 8 years ?
 
 YouTube https://t.co/K8lfe2mDvw
 
 #TheKashmirFiles https://t.co/DnFDNJrNpY",Pro OPP,"['kashmir', 'township', 'youtube']","[{'text': 'kashmir', 'score': 0.5497}, {'text': 'township', 'score': 0.4157}, {'text': 'youtube', 'score': 0.0761}]",kashmiri pandits,Pro Opp,kashmiri pandits,Neutral,Mentions Kashmiri Pandits but without polar language (factual/neutral tone)
1929167,"#KashmiriPandits- TV Media &amp; BJP targeted @ArvindKejriwal with a document issued by Dilip Bhan who claimed to be COORDINATOR of Government School Teachers Association (Migrant)
 
 In an exclusive interview to me, Bhan ADMITS that he is NOT the coordinator.
 
 https://t.co/WShb44Bnq0",Pro OPP,"['coordinator', 'media', 'migrant']","[{'text': 'coordinator', 'score': 0.3833}, {'text': 'media', 'score': 0.2577}, {'text': 'migrant', 'score': 0.1338}]",kashmiri pandits,Pro Opp,kashmiri pandits,Neutral,Weak/indirect cues without explicit Kashmiri Pandit reference
1368064,"Q: Is congress responsible or was responsible for Kashmiri Pandits' exodus in 1989? 
 
 A: No. Congress is nowhere responsible. 
 In 1989, Janta Dal's V.P. Singh govt was there in center which was supported by sanghi BJP. Jagmohan was governor who later was minister in Atal govt.",Pro OPP,"['pandits', 'congress', 'supported']","[{'text': 'pandits', 'score': 0.3976}, {'text': 'congress', 'score': 0.3939}, {'text': 'supported', 'score': 0.1901}]",kashmiri pandits,Pro Opp,kashmiri pandits,Neutral,"Mixed cues: favour=['exodus'], against=['sanghi']"
2590918,"Dear Leader has been India's PM for 8 yrs;
 Kashmir is under Central Rule for 3yrs;
 Kashmir's Art370 has been revoked for 2+yrs;
 Kashmir is guarded by 600,000 security forces;
 But, Kashmiri Pandits are still living outside Kashmir;
 What they have got is a hate film #KashmirFiles!",Pro OPP,"['kashmir', 'leader', '600']","[{'text': 'kashmir', 'score': 0.5632}, {'text': 'leader', 'score': 0.3351}, {'text': '600', 'score': 0.085}]",kashmiri pandits,Pro Opp,kashmiri pandits,Neutral,Mentions Kashmiri Pandits but without polar language (factual/neutral tone)
2105240,"BJP‚Äôs in-house channel @TimesNow is running news of 11 Kashmiri Pandits being murdered in recent few days in J&amp;K. 
 
 Channel is blaming critics of Kashmir Files for this.
 
 But not a word questioning Modi govt which abrogated Art 370 &amp; promised security or Home Minister @AmitShah",Pro OPP,"['kashmir', 'murdered', 'timesnow']","[{'text': 'kashmir', 'score': 0.4623}, {'text': 'murdered', 'score': 0.3103}, {'text': 'timesnow', 'score': 0.2709}]",kashmiri pandits,Pro Opp,kashmiri pandits,Neutral,Mentions Kashmiri Pandits but without polar language (factual/neutral tone)
2496982,"No one is saying that Kashmiri Pandits were not targeted by Kashmir militants in 1989-1990. Dozens of movies have been made on Kashmir militancy. But, the regime-sponsored 'The Kashmir File' was a 'vulgar, propaganda' to create more hate and anger against Kashmiris &amp; Muslims.",Pro OPP,"['kashmir', 'targeted', 'file']","[{'text': 'kashmir', 'score': 0.5101}, {'text': 'targeted', 'score': 0.1231}, {'text': 'file', 'score': 0.0992}]",kashmiri pandits,Pro Opp,kashmiri pandits,Neutral,"Mixed cues: favour=['targeted'], against=['propaganda']"
2245413,"Shah grandly promised to resettle 6000 people in Kashmir by 2022
 #LieLikeModi 
 Only 15% of homes promised are built
 
 It was under Congress-UPA that 3800 Kashmiri Pandits were actually settled with homes, aid &amp; jobs between 2008 &amp; 2011.
 
 Now they are fleeing
 #ModiFailedIndia https://t.co/VGIDhiKZT6",Pro OPP,"['kashmir', 'resettle', 'congress']","[{'text': 'kashmir', 'score': 0.5337}, {'text': 'resettle', 'score': 0.3508}, {'text': 'congress', 'score': 0.1936}]",kashmiri pandits,Pro Opp,kashmiri pandits,Favour,Favour cues: ['resettle']
2463892,"@RahulGandhi Congress-UPA between 2004-14 brought peace to Kashmir with a sharp fall in terror incidents &amp; fatalities and rehabilitated thousands of Kashmiri Pandits.
 
 BJP-RSS have presided over the ever rising deaths of Kashmiris, while using Kashmiri Pandits as fodder. 
 
 #ModiFailedIndia https://t.co/RIKitIZTZG",Pro OPP,"['kashmir', 'congress', 'rehabilitated']","[{'text': 'kashmir', 'score': 0.5708}, {'text': 'congress', 'score': 0.244}, {'text': 'rehabilitated', 'score': 0.1153}]",kashmiri pandits,Pro Opp,kashmiri pandits,Neutral,"Mixed cues: favour=['terror'], against=['rss']"
1925864,"PM Manmohan Singh inaugurating Township and handing out flats for Kashmiri Pandits in 2011
 
 How many such township built by BJP in last 8 years ?
 
 YouTube https://t.co/K8lfe2mDvw
 
 #TheKashmirFiles https://t.co/DnFDNJrNpY",Pro OPP,"['kashmir', 'township', 'youtube']","[{'text': 'kashmir', 'score': 0.5497}, {'text': 'township', 'score': 0.4157}, {'text': 'youtube', 'score': 0.0761}]",kashmiri pandits,Pro Opp,kashmiri pandits,Neutral,Mentions Kashmiri Pandits but without polar language (factual/neutral tone)
2529548,"PM Manmohan Singh inaugurating Township and handing out flats for Kashmiri Pandits in 2011
 
 How many such township built by BJP in last 8 years ?
 
 YouTube https://t.co/K8lfe2mDvw
 
 #TheKashmirFiles https://t.co/DnFDNJrNpY",Pro OPP,"['kashmir', 'township', 'youtube']","[{'text': 'kashmir', 'score': 0.5497}, {'text': 'township', 'score': 0.4157}, {'text': 'youtube', 'score': 0.0761}]",kashmiri pandits,Pro Opp,kashmiri pandits,Neutral,Mentions Kashmiri Pandits but without polar language (factual/neutral tone)
2139973,"#JammuAndKashmir | Kashmiri Pandits hold protest in Srinagar against the killings by terrorists.
 
 (ANI) https://t.co/H4xpRqkR3D",Pro OPP,"['kashmir', 'protest', 'killings']","[{'text': 'kashmir', 'score': 0.5149}, {'text': 'protest', 'score': 0.4218}, {'text': 'killings', 'score': 0.1703}]",kashmiri pandits,Pro Opp,kashmiri pandits,Favour,Favour cues: ['terrorists']
2297681,"Kashmiri Pandits are protesting against the Govt for failure to provide them security
 
 Anupam Kher &amp; Vivek Agnihotri have not even tweeted in their support.
 
 Becoz Govt stooges cant question the authority, they only know how to milk the tragedy.",Pro OPP,"['protesting', 'pandits', 'milk']","[{'text': 'protesting', 'score': 0.4073}, {'text': 'pandits', 'score': 0.4047}, {'text': 'milk', 'score': 0.1138}]",kashmiri pandits,Pro Opp,kashmiri pandits,Favour,"Favour cues: ['support', 'tragedy']"
1914468,"Soon after the release of the film, Kashmir Files, social media was abuzz with memories of the dark days of the exodus. We speak to a few Kashmiri Pandits in the city about missing their hometown and how they escaped a hopeless situation.
 @NewIndianXpress 
 https://t.co/UDGv79BQIr",Pro OPP,"['kashmir', 'escaped', 'media']","[{'text': 'kashmir', 'score': 0.5409}, {'text': 'escaped', 'score': 0.3622}, {'text': 'media', 'score': 0.237}]",kashmiri pandits,Pro Opp,kashmiri pandits,Favour,Favour cues: ['exodus']
2245413,"Shah grandly promised to resettle 6000 people in Kashmir by 2022
 #LieLikeModi 
 Only 15% of homes promised are built
 
 It was under Congress-UPA that 3800 Kashmiri Pandits were actually settled with homes, aid &amp; jobs between 2008 &amp; 2011.
 
 Now they are fleeing
 #ModiFailedIndia https://t.co/VGIDhiKZT6",Pro OPP,"['kashmir', 'resettle', 'congress']","[{'text': 'kashmir', 'score': 0.5337}, {'text': 'resettle', 'score': 0.3508}, {'text': 'congress', 'score': 0.1936}]",kashmiri pandits,Pro Opp,kashmiri pandits,Favour,Favour cues: ['resettle']
2586764,"Kashmir &amp; agony of Kashmiri Pandits is back in focus. Let's revisit what BJP &amp; Congress said after exodus of Pandits in Jan 1990
 
 Lok Sabha discussed the issue on Mar 13,1990. Jaswant Singh, who was the lead speaker from BJP opposed posting of Army, BSF in valley, I quote.. 1/n https://t.co/mp6iP1NBv0",Pro OPP,"['kashmir', 'congress', 'focus']","[{'text': 'kashmir', 'score': 0.5654}, {'text': 'congress', 'score': 0.2668}, {'text': 'focus', 'score': 0.1997}]",kashmiri pandits,Pro Opp,kashmiri pandits,Favour,Favour cues: ['exodus']
1923810,"Rahul Bhat - A Kashmiri Pandit, was a Govt employee. 
 
 ""As many as 14 members of the minority Hindu community, including Kashmiri Pandits, have been killed by terrorists in Kashmir between August 2019 and March 2022"" : The Times of India 
 
 Is this how BJP treats Kashmiri Pandits?",Pro OPP,"['hindu', 'employee', '2022']","[{'text': 'hindu', 'score': 0.5322}, {'text': 'employee', 'score': 0.2408}, {'text': '2022', 'score': 0.0768}]",kashmiri pandits,Pro Opp,kashmiri pandits,Favour,"Favour cues: ['killed', 'minority', 'terrorists']"
1918525,"2019- They lathicharged on CAA protest
 
 2020- They lathicharged on Farmers protest
 
 2021- They lathicharged on Student protest
 
 2022- Now they are lathicharging on Kashmiri Pandits protest
 
 Anyone protesting angers this Govt.",Pro OPP,"['protesting', '2022', 'farmers']","[{'text': 'protesting', 'score': 0.5353}, {'text': '2022', 'score': 0.3478}, {'text': 'farmers', 'score': 0.1821}]",kashmiri pandits,Pro Opp,kashmiri pandits,Neutral,Mentions Kashmiri Pandits but without polar language (factual/neutral tone)
2251284,You know it's possible to stand with Kashmiri Pandits without creating hatred against Muslims.,Pro OPP,"['muslims', 'pandits', 'without']","[{'text': 'muslims', 'score': 0.5115}, {'text': 'pandits', 'score': 0.2898}, {'text': 'without', 'score': 0.1667}]",kashmiri pandits,Pro Opp,kashmiri pandits,Favour,Favour cues: ['stand']
2308399,"Kashmir Files is making money.
 
 Kashmiri Pandits living in refugee camps are still waiting for Govt to make their houses.",Pro OPP,"['kashmir', 'make', 'camps']","[{'text': 'kashmir', 'score': 0.432}, {'text': 'make', 'score': 0.2134}, {'text': 'camps', 'score': 0.2006}]",kashmiri pandits,Pro Opp,kashmiri pandits,Neutral,Mentions Kashmiri Pandits but without polar language (factual/neutral tone)
2142822,"#LeftRightCentre | Mohit Bhan (@buttkout) 
 Spokesperson, PDP, on the recent killings of #KashmiriPandits https://t.co/EHBUTJrHvd",Pro OPP,"['kashmiri', 'killings', 'pdp']","[{'text': 'kashmiri', 'score': 0.5655}, {'text': 'killings', 'score': 0.4932}, {'text': 'pdp', 'score': 0.2871}]",kashmiri pandits,Pro Opp,kashmiri pandits,Neutral,No clear reference to Kashmiri Pandits and no stance cues
2175832,"PM Manmohan Singh inaugurating Township and handing out flats for Kashmiri Pandits in 2011
 
 How many such township built by BJP in last 8 years ?
 
 YouTube https://t.co/K8lfe2mDvw
 
 #TheKashmirFiles https://t.co/DnFDNJrNpY",Pro OPP,"['kashmir', 'township', 'youtube']","[{'text': 'kashmir', 'score': 0.5497}, {'text': 'township', 'score': 0.4157}, {'text': 'youtube', 'score': 0.0761}]",kashmiri pandits,Pro Opp,kashmiri pandits,Neutral,Mentions Kashmiri Pandits but without polar language (factual/neutral tone)
739816,What security was provided to the Kashmiri pandits by the administration? They seemed to be absolutely without any security. Post the terror takeover by the Taliban in Afghanistan this sort of targeting of the minority community was expected in Kashmir,Pro OPP,"['kashmir', 'security', 'minority']","[{'text': 'kashmir', 'score': 0.4363}, {'text': 'security', 'score': 0.3481}, {'text': 'minority', 'score': 0.1706}]",kashmiri pandits,Pro Opp,kashmiri pandits,Favour,"Favour cues: ['minority', 'terror']"
2145465,"A case is being made that Congress is rattled on the issue of Kashmiri Pandits or Kashmir. But certainly, that‚Äôs wrong! https://t.co/A1mbqSwaLh",Pro OPP,"['kashmir', 'congress', 'wrong']","[{'text': 'kashmir', 'score': 0.4588}, {'text': 'congress', 'score': 0.4357}, {'text': 'wrong', 'score': 0.3734}]",kashmiri pandits,Pro Opp,kashmiri pandits,Neutral,Mentions Kashmiri Pandits but without polar language (factual/neutral tone)
2272166,"Example of Township built by Congress only for Kashmiri Pandits in J&amp;K. 
 Date March 04, 2011
 
 How many such township built by BJP in last 8 years ?
 
 Any data @narendramodi ?
 
 #TheKashmirFiles https://t.co/LILbJHQJ6J",Pro OPP,"['kashmir', 'township', 'congress']","[{'text': 'kashmir', 'score': 0.4969}, {'text': 'township', 'score': 0.434}, {'text': 'congress', 'score': 0.2051}]",kashmiri pandits,Pro Opp,kashmiri pandits,Neutral,Mentions Kashmiri Pandits but without polar language (factual/neutral tone)
1840114,"While there is no denying the tragic suffering of the Kashmiri Pandits, the fact is: #KashmirFiles is a badly made film that should never have been screened at an International Film Festival meant to showcase great cinema.",Pro OPP,"['kashmir', 'never', 'screened']","[{'text': 'kashmir', 'score': 0.555}, {'text': 'never', 'score': 0.1683}, {'text': 'screened', 'score': 0.0891}]",kashmiri pandits,Pro Opp,kashmiri pandits,Favour,Favour cues: ['suffering']
2272941,"Kashmiri Pandit Samiti says ‚Äúsituation in Kashmir Valley is returning to 1990.‚Äù ‚ÄúIn 1990, killings lists were circulated in mosques and in 2022 these lists are circulated on the internet and social media, just modus operadi has changed but the mentality is the same‚Äù https://t.co/wxkUsiM093",Pro OPP,"['kashmir', 'changed', 'killings']","[{'text': 'kashmir', 'score': 0.5009}, {'text': 'changed', 'score': 0.3149}, {'text': 'killings', 'score': 0.2802}]",kashmiri pandits,Pro Opp,kashmiri pandits,Neutral,Mentions Kashmiri Pandits but without polar language (factual/neutral tone)
2446368,#KashmirFilesMovie has earned almost 200 crores. Now the producer of the film should consider donating 50% of the revenue to the rehabilitation of #KashmiriPandits (BJP should donate another 100 crores!),Pro OPP,"['kashmir', 'donating', 'producer']","[{'text': 'kashmir', 'score': 0.4013}, {'text': 'donating', 'score': 0.3994}, {'text': 'producer', 'score': 0.2737}]",kashmiri pandits,Pro Opp,kashmiri pandits,Neutral,Weak/indirect cues without explicit Kashmiri Pandit reference
2458253,"PM Manmohan Singh inaugurating Township and handing out flats for Kashmiri Pandits in 2011
 
 How many such township built by BJP in last 8 years ?
 
 YouTube https://t.co/K8lfe2mDvw
 
 #TheKashmirFiles https://t.co/DnFDNJrNpY",Pro OPP,"['kashmir', 'township', 'youtube']","[{'text': 'kashmir', 'score': 0.5497}, {'text': 'township', 'score': 0.4157}, {'text': 'youtube', 'score': 0.0761}]",kashmiri pandits,Pro Opp,kashmiri pandits,Neutral,Mentions Kashmiri Pandits but without polar language (factual/neutral tone)
2158797,"The Kashmiri Pandit Files ft. BJP
 
 Only Factsüî•
 
 #KashmirFiles #BJP #KashmiriPandits https://t.co/ILb817yEor",Pro OPP,"['kashmir', 'files', 'facts']","[{'text': 'kashmir', 'score': 0.6132}, {'text': 'files', 'score': 0.2878}, {'text': 'facts', 'score': 0.2617}]",kashmiri pandits,Pro Opp,kashmiri pandits,Neutral,Mentions Kashmiri Pandits but without polar language (factual/neutral tone)
2357465,"They made people dream about a 'plot in Kashmir'
 
 Then, they made Kashmiri Pandits leave their own homes.",Pro OPP,"['kashmir', 'dream', 'leave']","[{'text': 'kashmir', 'score': 0.478}, {'text': 'dream', 'score': 0.2906}, {'text': 'leave', 'score': 0.2078}]",kashmiri pandits,Pro Opp,kashmiri pandits,Neutral,Mentions Kashmiri Pandits but without polar language (factual/neutral tone)
57405,A Himchali Migrant Banging Thali to protest against Sonu Sood for not sending Kashmiri Pandits back to their native home.(2020) https://t.co/wCE6QSNJZl,Pro OPP,"['pandits', 'protest', 'migrant']","[{'text': 'pandits', 'score': 0.4618}, {'text': 'protest', 'score': 0.4417}, {'text': 'migrant', 'score': 0.383}]",kashmiri pandits,Pro Opp,kashmiri pandits,Neutral,Mentions Kashmiri Pandits but without polar language (factual/neutral tone)
2272811,"Centre not in favour of moving Kashmiri Pandits/Hindus to Jammu to avoid a repeat of the situation in the 1990s when thousands migrated under government‚Äôs watch. Security agencies anticipate more attacks in the coming days, I report https://t.co/7ZOAr4snSb",Pro OPP,"['hindus', 'security', 'moving']","[{'text': 'hindus', 'score': 0.4009}, {'text': 'security', 'score': 0.282}, {'text': 'moving', 'score': 0.2502}]",kashmiri pandits,Pro Opp,kashmiri pandits,Neutral,Mentions Kashmiri Pandits but without polar language (factual/neutral tone)
2283824,"BJP Leader Jagmohan Malhotra who was governor of J&amp;K during 1990, gave the way out to Kashmiri Pandits from Kashmir instead of giving them protection.
 
 Today they are using Kashmiri Pandits for their communal agenda.
  
 #BJPCheatedKashmiriPandits",Pro OPP,"['kashmir', 'leader', 'cheated']","[{'text': 'kashmir', 'score': 0.61}, {'text': 'leader', 'score': 0.2054}, {'text': 'cheated', 'score': 0.188}]",kashmiri pandits,Pro Opp,kashmiri pandits,Favour,Favour cues: ['protection']
1989043,"BJP ecosystem is promoting #TheKashmirFiles.Facts ‚Äî 
 
 ‚Äî BJP, an ally of VP Singh prevailed upon him to dismiss INC-NC Govt then &amp; that Jagmohan becomes Guv J&amp;K
 
 ‚Äî Kashmiri Pandits left J&amp;K during Jagmohan
 
 ‚Äî BJP has been in Central Govt for 13 years, since. Done zilch for Pandits",Pro OPP,"['kashmir', 'promoting', 'dismiss']","[{'text': 'kashmir', 'score': 0.6505}, {'text': 'promoting', 'score': 0.1448}, {'text': 'dismiss', 'score': 0.0835}]",kashmiri pandits,Pro Opp,kashmiri pandits,Neutral,Mentions Kashmiri Pandits but without polar language (factual/neutral tone)
2273577,"Amit Malviya and Kapil Mishra misrepresented Delhi CM Kejriwal's assembly address where he criticised BJP members for promoting 'The Kashmir Files'. They falsely claimed Kejriwal denied atrocities faced by Kashmiri Pandits. #AltNewsFactCheck | @ArchitMeta
 https://t.co/YBOPGTfgyO",Pro OPP,"['misrepresented', 'kashmir', 'assembly']","[{'text': 'misrepresented', 'score': 0.4614}, {'text': 'kashmir', 'score': 0.4457}, {'text': 'assembly', 'score': 0.0404}]",kashmiri pandits,Pro Opp,kashmiri pandits,Neutral,Mentions Kashmiri Pandits but without polar language (factual/neutral tone)
2591023,"Kashmiri Pandits are protesting against the Govt for failure to provide them security
 
 Anupam Kher &amp; Vivek Agnihotri have not even tweeted in their support.
 
 Becoz Govt stooges cant question the authority, they only know how to milk the tragedy.",Pro OPP,"['protesting', 'pandits', 'milk']","[{'text': 'protesting', 'score': 0.4073}, {'text': 'pandits', 'score': 0.4047}, {'text': 'milk', 'score': 0.1138}]",kashmiri pandits,Pro Opp,kashmiri pandits,Favour,"Favour cues: ['support', 'tragedy']"
2483355,"Kashmiri Pandits aren‚Äôt safe. Low cost target killings winning against Modi politics'
 
 Manvendra Singh @ManvendraJasol, Congress leader and Editor-in-Chief of Defence &amp; Security Alert, writes 
  
 #ThePrintOpinion
 
 https://t.co/uwO1UJvk6h",Pro OPP,"['safe', 'killings', 'congress']","[{'text': 'safe', 'score': 0.4713}, {'text': 'killings', 'score': 0.4195}, {'text': 'congress', 'score': 0.2339}]",kashmiri pandits,Pro Opp,kashmiri pandits,Favour,Favour cues: ['safe']
710461,"Has Union Home minister @ReallySwara answered why zero security measures were taken to protect Kashmiri Pandits in Kashmir? And, Prime Minister @RahulGandhi for the Lakhimpur massacre? How can anyone blame Modi &amp; Shah?",Pro OPP,"['kashmir', 'union', 'zero']","[{'text': 'kashmir', 'score': 0.4566}, {'text': 'union', 'score': 0.1253}, {'text': 'zero', 'score': 0.0942}]",kashmiri pandits,Pro Opp,kashmiri pandits,Favour,"Favour cues: ['massacre', 'protect']"
2501881,"Kashmir &amp; agony of Kashmiri Pandits is back in focus. Let's revisit what BJP &amp; Congress said after exodus of Pandits in Jan 1990
 
 Lok Sabha discussed the issue on Mar 13,1990. Jaswant Singh, who was the lead speaker from BJP opposed posting of Army, BSF in valley, I quote.. 1/n https://t.co/mp6iP1NBv0",Pro OPP,"['kashmir', 'congress', 'focus']","[{'text': 'kashmir', 'score': 0.5654}, {'text': 'congress', 'score': 0.2668}, {'text': 'focus', 'score': 0.1997}]",kashmiri pandits,Pro Opp,kashmiri pandits,Favour,Favour cues: ['exodus']
2595476,The Kashmiri Pandits (also known as Kashmiri Brahmins) are a group of Kashmiri Hindus and a part of the larger Saraswat Brahmin community of India. They belong to the Pancha Gauda Brahmin group from the Kashmir Valley.,Pro OPP,"['kashmir', 'brahmins', 'group']","[{'text': 'kashmir', 'score': 0.4965}, {'text': 'brahmins', 'score': 0.4309}, {'text': 'group', 'score': 0.1691}]",kashmiri pandits,Pro Opp,kashmiri pandits,Neutral,Mentions Kashmiri Pandits but without polar language (factual/neutral tone)
1853529,"How many of you feel that BJP is behind the attacks on Kashmiri Pandits to ignite hate against Muslims and to polarise Hindu votes. 
 
 I feel.",Pro OPP,"['hindu', 'attacks', 'feel']","[{'text': 'hindu', 'score': 0.4916}, {'text': 'attacks', 'score': 0.3846}, {'text': 'feel', 'score': 0.1747}]",kashmiri pandits,Pro Opp,kashmiri pandits,Neutral,Mentions Kashmiri Pandits but without polar language (factual/neutral tone)
2296295,"Kashmir &amp; agony of Kashmiri Pandits is back in focus. Let's revisit what BJP &amp; Congress said after exodus of Pandits in Jan 1990
 
 Lok Sabha discussed the issue on Mar 13,1990. Jaswant Singh, who was the lead speaker from BJP opposed posting of Army, BSF in valley, I quote.. 1/n https://t.co/mp6iP1NBv0",Pro OPP,"['kashmir', 'congress', 'focus']","[{'text': 'kashmir', 'score': 0.5654}, {'text': 'congress', 'score': 0.2668}, {'text': 'focus', 'score': 0.1997}]",kashmiri pandits,Pro Opp,kashmiri pandits,Favour,Favour cues: ['exodus']
2567848,"#KashmiriPandits- TV Media &amp; BJP targeted @ArvindKejriwal with a document issued by Dilip Bhan who claimed to be COORDINATOR of Government School Teachers Association (Migrant)
 
 In an exclusive interview to me, Bhan ADMITS that he is NOT the coordinator.
 
 https://t.co/WShb44Bnq0",Pro OPP,"['coordinator', 'media', 'migrant']","[{'text': 'coordinator', 'score': 0.3833}, {'text': 'media', 'score': 0.2577}, {'text': 'migrant', 'score': 0.1338}]",kashmiri pandits,Pro Opp,kashmiri pandits,Neutral,Weak/indirect cues without explicit Kashmiri Pandit reference
322564,#ShaheenBaghProtest IN SOLIDARITY WITH KASHMIRI PANDITS PAYS HOMAGE TO THEIR TRAUMA TODAY. JOIN THEM! #KashmiriPandits #KashmiriHindus #KashmiriHinduExodus https://t.co/tbmHT32MoN,Pro OPP,"['protest', 'hindus', 'bagh']","[{'text': 'protest', 'score': 0.5483}, {'text': 'hindus', 'score': 0.4877}, {'text': 'bagh', 'score': 0.3208}]",kashmiri pandits,Pro Opp,kashmiri pandits,Favour,Favour cues: ['solidarity']
2175338,"Kashmir &amp; agony of Kashmiri Pandits is back in focus. Let's revisit what BJP &amp; Congress said after exodus of Pandits in Jan 1990
 
 Lok Sabha discussed the issue on Mar 13,1990. Jaswant Singh, who was the lead speaker from BJP opposed posting of Army, BSF in valley, I quote.. 1/n https://t.co/mp6iP1NBv0",Pro OPP,"['kashmir', 'congress', 'focus']","[{'text': 'kashmir', 'score': 0.5654}, {'text': 'congress', 'score': 0.2668}, {'text': 'focus', 'score': 0.1997}]",kashmiri pandits,Pro Opp,kashmiri pandits,Favour,Favour cues: ['exodus']
2206067,"Kashmiri Pandits locked inside camps by police, #JammuAndKashmir LG flying to Delhi to brief Home Minister 
 
 NDTV's Nazir Masoodi reports https://t.co/KMv4ZawqdM",Pro OPP,"['kashmir', 'camps', 'locked']","[{'text': 'kashmir', 'score': 0.4721}, {'text': 'camps', 'score': 0.425}, {'text': 'locked', 'score': 0.3428}]",kashmiri pandits,Pro Opp,kashmiri pandits,Neutral,Mentions Kashmiri Pandits but without polar language (factual/neutral tone)
2533713,"It was Congress who built Township for Kashmiri Pandits . It was PM Manmohan Singh who handed over Flats to Kashmiri Pandits.
 
 What BJP did in last 8 year ?
 
 #TheKashmirFiles https://t.co/M1Xx39IIm2",Pro OPP,"['kashmir', 'congress', 'handed']","[{'text': 'kashmir', 'score': 0.5577}, {'text': 'congress', 'score': 0.3744}, {'text': 'handed', 'score': 0.0725}]",kashmiri pandits,Pro Opp,kashmiri pandits,Neutral,Mentions Kashmiri Pandits but without polar language (factual/neutral tone)
2560477,"27. Several attacks on Kashmiri Pandits and others in Kashmir in past two years
 6/n",Pro OPP,"['kashmir', 'attacks', 'years']","[{'text': 'kashmir', 'score': 0.599}, {'text': 'attacks', 'score': 0.4979}, {'text': 'years', 'score': 0.1069}]",kashmiri pandits,Pro Opp,kashmiri pandits,Neutral,Mentions Kashmiri Pandits but without polar language (factual/neutral tone)
2057652,"Kashmir &amp; agony of Kashmiri Pandits is back in focus. Let's revisit what BJP &amp; Congress said after exodus of Pandits in Jan 1990
 
 Lok Sabha discussed the issue on Mar 13,1990. Jaswant Singh, who was the lead speaker from BJP opposed posting of Army, BSF in valley, I quote.. 1/n https://t.co/mp6iP1NBv0",Pro OPP,"['kashmir', 'congress', 'focus']","[{'text': 'kashmir', 'score': 0.5654}, {'text': 'congress', 'score': 0.2668}, {'text': 'focus', 'score': 0.1997}]",kashmiri pandits,Pro Opp,kashmiri pandits,Favour,Favour cues: ['exodus']
2296294,"Amit Malviya and Kapil Mishra misrepresented Delhi CM Kejriwal's assembly address where he criticised BJP members for promoting 'The Kashmir Files'. They falsely claimed Kejriwal denied atrocities faced by Kashmiri Pandits. #AltNewsFactCheck | @ArchitMeta
 https://t.co/lck3RsyLg3",Pro OPP,"['misrepresented', 'kashmir', 'assembly']","[{'text': 'misrepresented', 'score': 0.4614}, {'text': 'kashmir', 'score': 0.4457}, {'text': 'assembly', 'score': 0.0404}]",kashmiri pandits,Pro Opp,kashmiri pandits,Neutral,Mentions Kashmiri Pandits but without polar language (factual/neutral tone)
1819883,"Maharashtra CM Uddhav Thackeray said that Kashmiri pandits are not safe in Kashmir, the security should be provided to them, but central govt providing security to those who are attacking Shiv Sena &amp; useless people in Maharashtra.
 @NewIndianXpress",Pro OPP,"['kashmir', 'safe', 'thackeray']","[{'text': 'kashmir', 'score': 0.5425}, {'text': 'safe', 'score': 0.4388}, {'text': 'thackeray', 'score': 0.1285}]",kashmiri pandits,Pro Opp,kashmiri pandits,Favour,Favour cues: ['safe']
2456936,"Amit Malviya and Kapil Mishra misrepresented Delhi CM Kejriwal's assembly address where he criticised BJP members for promoting 'The Kashmir Files'. They falsely claimed Kejriwal denied atrocities faced by Kashmiri Pandits. #AltNewsFactCheck | @ArchitMeta
 https://t.co/YBOPGTfgyO",Pro OPP,"['misrepresented', 'kashmir', 'assembly']","[{'text': 'misrepresented', 'score': 0.4614}, {'text': 'kashmir', 'score': 0.4457}, {'text': 'assembly', 'score': 0.0404}]",kashmiri pandits,Pro Opp,kashmiri pandits,Neutral,Mentions Kashmiri Pandits but without polar language (factual/neutral tone)
1839591,"BJP is worried for Kashmir Files but not Kashmiri Pandits. CM Kejriwal did a lot for Kashmiri Pandits,granted permanent status to 223 teachers even in absence of documents,streamlined pension system,provided Rs 3000/head per month to Kashmiri Pandits in Delhi:Dy CM @msisodia https://t.co/uRQEzLtfYk",Pro OPP,"['kashmir', 'teachers', 'pension']","[{'text': 'kashmir', 'score': 0.5391}, {'text': 'teachers', 'score': 0.1952}, {'text': 'pension', 'score': 0.1372}]",kashmiri pandits,Pro Opp,kashmiri pandits,Neutral,Mentions Kashmiri Pandits but without polar language (factual/neutral tone)
